3KI0JD2ZU1ITIHEBNWEA2CR1N6S67H,2
32CXT5U14G3IK69VTJ4JWI1C1CG8U8,3
3NRZ1LDP7W6KCX2MLN52ZWBHS4UZP7,4
3ZLW647WALVNZXUNYIZHZIY92Z423R,5
3IWA71V4TIGNXWK259I8WB4PPZ6X62,6
3N7PQ0KLI5PFUD63R2UI1J7YZ2U3EU,7
3T5ZXGO9DEO5C931L0KRZ11RX0GZQY,8
3DW3BNF1GHIIXLYVY9EOS43VFJP8VX,9
375VSR8FVW95OAI1YF9R4RBWTMIZRZ,10
3ODOP6T3ASK8HTDRYW409NQFGZ024C,11
31YWE12TE0C61WY7OJN02P4LKAQX71,12
33K3E8REWWVA1A3QYOF6GP0GVUWX8O,13
371Q3BEXDH9HPPIED49WU1GSFO1ZSN,14
33W1NHWFYHLI4PVT24EM46CEH7FZTC,15
3G57RS03HH5QDCHRC1NAEFWTGVV25H,16
3YKP7CX6G2FZOTV6JNVIDSDT173B77,17
38O9DZ0A62NMWGH5HKXF6LATCQ626X,18
31MCUE39BKMDER2UXXK61MSACI93GB,19
3RQVKZ7ZRKJ50GVA0U27CZAP71Q27W,20
306W7JMRYYY3O70PTSNORS9OCR9B8U,21
3KQC8JMJGCSRENX5H32OMM4BRIM3HA,22
33K3E8REWWVA1A3QYOF6GP0GVUX8X0,23
3M47JKRKCX1XIVJUX16GGCNWYQY684,24
3L2OEKSTW9AZ1FT03K18Z37PX0R8Y6,25
3Y7LTZE0YTMX42AI294W92YG0LMZU3,26
3OQQD2WO8I6RAI8PNLK9MY5QRV13I3,27
38B7Q9C28G5XW0242TCUG8I7IWG69T,28
33NOQL7T9OZZ6535Z63RDAGR3UV8ZX,29
3O4VWC1GEW6N5TSV5359YZKQ4AQ3JF,30
39RRBHZ0AU1XHHZI7ZE15O0ZESVZVS,31
3MDWE879UH232CJZYKT2RO4ZWXRB9J,32
3TC2K6WK9G290U0TAZUDQZ6KILW28J,33
3TD33TP5DL2H7VT4QQ72NJFJ2F9BAY,34
329E6HTMSW2IGDYDNO5LZEK3JZQ3KE,35
3FBEFUUYRK5B1JC9UZQUC3TROEY6A8,36
3TX9T2ZCB91AW6ZNX9JXRQJDL1XZW2,37
3FJ2RVH25Z69EZJ3FR0RQV1V2RE298,38
3TKSOBLOHLGMQ5YWW47YIUZPKXUBBT,39
3MJ9GGZYO36NJIT87XERMQCF89W2AN,40
3ZFRE2BDQ9EPL64D7EFJT9XKU33ZXV,41
309D674SHZL50AQ2A43TTE572IUBC0,42
3MQY1YVHS3KS2SY0DBENH1WLQRH2BI,43
3UDTAB6HH6Z2IPGP04WD778G5TU90V,44
3HXCEECSQMTELBUNCA1LCN4TW9XZY1,45
3TFJJUELSHPBCXQ6RBAISL238CH2CP,46
3FI30CQHVKJGKTH10DQQ7EDX6WJ6B3,47
37SOB9Z0SSXT0JGV8OHMEEXI8ZV3LH,48
3TZDZ3Y0JS62PE17WN0DLCRQAL091Y,49
3ZICQFRS31IEQ14S8W34QUDV231ZZS,50
3I01FDIL6M8LHPWKR75TCRKLTCT2DP,51
3PUV2Q8SV44F52WGA0Y4DKNPNI6BD0,52
3M7OI89LVYOZUY97EDMLIYJFOHJ6CA,53
33IXYHIZB5IQ9VAKN2GDI926TOU2EI,54
39KMGHJ4RZAKMVSC08DKEW7N2P000A,55
3ACRLU860NEKX8AG6V9OJ25ANU7BET,56
3S829FDFT21MI5ZHFWQM2HEH6LUDXB,57
3BS6ERDL9379ZQFLE9HW241X9HV6DA,58
3FJ2RVH25Z69EZJ3FR0RQV1V2RE92F,59
3AQN9REUTFGBIAPRKSCOLVLQ8RODYH,60
3LEG2HW4UFNIF9AGID0J0RN65P92F0,61
3S8APUMBJXJC3MAC16TU1KQAZVMBFB,62
3SBNLSTU6U5BN0ZWGEE7Z2USELSDZ8,63
3HXK2V1N4KFOT96BTX61ICNI6492GZ,64
3OREP8RUT2BIHM67CQZCJ5QM0AMBGA,65
3Q2T3FD0ON8D61YG80I1ERC784L3MJ,66
3WA2XVDZEMHERWTLA4SG8MJI9TW6E3,67
3Z8UJEJOCZDYZHFMJREW956N85E93Q,68
3ICOHX7ENCBJDL768FCZZL9RWQAE0A,69
301KG0KX9CL2T51MD3OJ3CZJL4M2HY,70
37VE3DA4YUHWHI1IWWHU452NFAZBH9,71
307L9TDWJYSJOJJGK1X1R617DUV3NJ,72
341YLJU21IZ2P0C6JL643O0YLH12IR,73
35ZRNT9RUIY164JSLGXE6V1C3403OY,74
3HY86PZXPYIJKASO4YGZDQS11IGE1D,75
34F34TZU7WZYKBWC13R4FPFYYWQ2J3,76
3BVS8WK9Q0VWDDC22EZF4H32FNEBI2,77
3E6L1VR4XWM6XATH5FCMQ44ILUB6FL,78
3O0M2G5VC62JHDYQJ5JFJAYTM5A94B,79
3X55NP42EOGJR4VT0GATVV62D9W3PF,80
33IXYHIZB5IQ9VAKN2GDI926TOUE2U,81
3IKMEYR0LWVTVV2UJORGG4FBDLQ2K2,82
3N3WJQXELSQ4F1KC4O3HV4SQ2LV2L5,83
33J5JKFMK6Y4RGW80TPIV0WCI5I3Q6,84
3GS542CVJVN1DW2QXA2PO247M1595G,85
3N7PQ0KLI5PFUD63R2UI1J7YZ2UE35,86
3B9XR6P1WEVS8OW8KWKFGII2S23BJE,87
3CZH926SICE0C9P7RGZ1BOZ4D2QE4Q,88
3APP19WN71ECBAPCGZI48P4UM9B6GK,89
36D1BWBEHN1OLJ2X404WVH7F2QL2M7,90
3HJ1EVZS2OJ43HB8D8EI0Q6HERK3R7,91
3HFWPF5AK9JG4WBLSXENQ0BD0T33SV,92
3PEG1BH7AERNJ82Q2HKRHXIF7R3BKD,93
34R0BODSP1ZI8ST75LIBGG5IDYLE5V,94
3UXQ63NLAAMY3EK8NHWSWXVUWR8BLG,95
38B7Q9C28G5XW0242TCUG8I7IWG96W,96
3RDTX9JRTY1G00G9L3HMMMI3D7097V,97
3WA2XVDZEMHERWTLA4SG8MJI9TWE6B,98
3D7VY91L65XI9W2TNTX7WAAJWWYBMI,99
3TZ0XG8CBUKK0ELSV89S0MEYOR698I,100
3NCN4N1H1GHORENTZUC79PZJ1M8BNI,101
3F6045TU7DOKEJ4200F60I998XO997,102
3M67TQBQQHOYJ2E7S6T6WDKTEF69AM,103
3DA79LNS59VHJWO0HXJD057Z2CH3TK,104
38LRF35D5LWWJ93PH29N51T1LQO3UB,105
3TTPFEFXCTKQB6KN050MTPGV19O6HJ,106
3GITHABACYLU31NXG1JW8WWF7GV2N7,107
3XT3KXP24ZYQ71V76NI7T1HA1M36IC,108
3LAZVA75NIRCLMN9HGJ9NLWKXQ02OM,109
3MDWE879UH232CJZYKT2RO4ZWXR9BH,110
3DGDV62G7O9U6MZAWGWOCL1A7VW2P3,111
3S4TINXCC0N69ZN509CKOEZORWDBOX,112
3T2HW4QDUV7MCHB5CKPX28AHEIR9CO,113
3FCO4VKOZ4DXVW7QTEX8E0JE44GE7A,114
3KA7IJSNW65OUZZ6F9PZDE4E119BPE,115
3INZSNUD80QWH9HJCGK8MESZZI39DO,116
3HYV4299H0W1VAC93JPES0F9FOME8X,117
3J5XXLQDHMBWWOSPMSJS1NVKZXX3V0,118
335VBRURDJ019FVJ8BVSSWAKZU4E9M,119
33BFF6QPI1B9BDSUC2OONPEY66Z3WA,120
3QO7EE372ON9UB0LFM4ODJUO6XVBQ5,121
3X7837UUADYM2CFDO53752WAE1S6JO,122
335VBRURDJ019FVJ8BVSSWAKZU49EH,123
3L1EFR8WWT5TFTVF3MFYAEVKBVJ9FZ,124
3A520CCNWN0FEY5O0H9SORL45CMEA1,125
3ACRLU860NEKX8AG6V9OJ25ANU7EBW,126
3BCRDCM0ODUHDWLV6Q3J6HWNTQS6KN,127
3GV1I4SEO9PSX23DRQFKLH92IQX6LQ,128
3H1C3QRA01J37D2MKV5JUMBS5F7EC3,129
34O39PNDK6896CFLS1TOI94T2JXBR6,130
39TX062QX1OO0DXKM7KAP8S5F853X3,131
3Z56AA6EK40C3KLYR2GZLUORIVN6MS,132
3HKIF5DF6YXZTTRAE6LGSZVWCAJ9GY,133
30OITAWPBQ3DTPMLYC3YDZ7XRAW9HX,134
3RBI0I35XE3D0INUR36C8MZEHEZ3Y9,135
3XQ4XW3OD9CRJEF2OX0I7Q6LUF32SJ,136
30F94FBDNRKMMRSDWQYJIO5BQ4UBTJ,137
39WICJI5ATSD58XZNP8VMT8GN833Z0,138
36AZSFEYZ401ZJW21LYYJ6TWNPABVZ,139
337F8MIIMZD1LJADJ90MQZX0J1G40U,140
3R4QIDVOJPCI4BM0GMBEKABVQRKEEW,141
3QGHA0EA0J0EE8W7RV3U58CAUYCBW9,142
32TZXEA1OLK1S8VVFS4M44GAOTM41X,143
3CMIQF80GNQ3OZJQJVNG238WSWK6QF,144
3LVTFB9DE5I5LS8WV8W2EULLMANGQR,145
3909MD9T2ZHAAPMWBXVK2SWV2SZEFE,146
3QMELQS6Y5B300YQWACG7TI1OIM6RG,147
3QI9WAYOGQBF1FY3BZCLX3NXAK56S4,148
35JDMRECC49GOPIRMH12KDW737ZEGD,149
3WYZV0QBFJDT381X10ZG7RQH30IBX2,150
3ODOP6T3ASK8HTDRYW409NQFGZ042E,151
3ZVPAMTJWN35XTNW8NL2JKVQIWPGRS,152
3421H3BM9AH9KVHBMC6JPCNC4209J2,153
3OND0WXMHWFUOLD26NJK5D88I7CEHC,154
3ZRKL6Z1E83HY8N9NCL79U0M4Y8GSG,155
3SNR5F7R92TUKGOMC5155P9NIKREI5,156
3S1WOPCJFGTQFR8SUNM5HQONVZGEJH,157
3EGKVCRQFWSI3DR76WLIQ5XQ56CBY8,158
3MDKGGG61QNGGFBI0ZHB78JJC3J6TT,159
3W1K7D6QSBHI831C2IN14C6SB0GBZZ,160
366FYU4PTGPLQBEAC8MHI5O0AOGEKG,161
3HO4MYYR12OVGSQ7047LC45LVHQ6UK,162
3VMV5CHJZ8FID80OCCQXJZW86HMGT5,163
3S8A4GJRD33VT7F75UHQ8Q749OZ6V9,164
382GHPVPHSRX2B9A2WI5SXV7MD043P,165
3XU80RHWHZGIK7SE2ANO22ND0DW44A,166
3I7KR83SNAD4VFNT4X6VQRNPJR09K1,167
3PMR2DOWOO10GQWEGF6Y7UTR09R45F,168
3NQUW096N68FFL5BPXIW5R048R59L4,169
389A2A304OI4GNNSCO649X9OBEXC0F,170
3BPP3MA3TCKWAHWSX8YIX51FZOLELJ,171
3CESM1J3EI388WFCV4MMUSQIGX16WJ,172
37VUR2VJ6AP4NC8A87A4N2SYG63C1I,173
3IWA71V4TIGNXWK259I8WB4PPZ76XC,174
31HLTCK4BLVXQ04DH7QCKHKT322GVL,175
3UZUVSO3P7VGGZEDXKZXXIG4ZTBEML,176
30EV7DWJTVVCX1ACA54AFPBYR516YI,177
344M16OZKIFMYHZD9LEXAX544JLENL,178
3H5TOKO3D9JWZUWSLYG3Z07RW4246V,179
360ZO6N6J1JZL3NWP9JB54FT8WV9M6,180
39WSF6KUV2L4G2ZPA0EAPM59UTQEO0,181
3LN3BXKGC0VA5P4I7HV86J37AB4GWV,182
3126F2F5F83M12BQP0RPEMAZ4YMEPH,183
3TFJJUELSHPBCXQ6RBAISL238CHC2Z,184
36KM3FWE3RCY46SWL7YTTBHAA3670H,185
3R5LWXWHR08PUP98HMRU82HEJDAGXO,186
3G5RUKN2EC353L8W1AYBIJ4TDM59N6,187
3D4BBDG7ZHW0XFMPVBONBV7VEQHC3A,188
32W3UF2EZOLLFB5TVPT6L0Z1SQDC4V,189
3566S7OX5DJYBVDEHQ2T7G0KFVC71K,190
3LXX8KJXPW9NL6882PYOX84Y3WA9OL,191
37G6BXQPLQL71EC5PD6EER099U8EQ8,192
3LG268AV3867DFR52SVEJHAE5GAER9,193
3UOMW19E6D63BU9T9UCGQS5FSM8C50,194
3D3B8GE892R566K9HPB3M89OD169P2,195
3M7OI89LVYOZUY97EDMLIYJFOHJC6G,196
3RQVKZ7ZRKJ50GVA0U27CZAP71Q721,197
39N6W9XWRDNEUUZIMIDWRGONLJ4GYU,198
307FVKVSYRFF3UAX48LV5E7NRFM47U,199
3JHB4BPSFK9Q6ILOH2QSMDZYIXS9QT,200
359AP8GAGGKIYYNCXNRDOCJBJS3C7F,201
3LCXHSGDLT6JEURIHHVJ9RFARITESX,202
3BFNCI9LYKQULYRT4UGCV9FHDFQ73C,203
3R868ACW4SCEZK9NI4FF5NXPRD8GZL,204
3XH7ZM9YX2UQIJ0OUHFSR393EJU9RU,205
3H781YYV6TIKTU4X6H09JWBWT17ETM,206
3CIS7GGG65JZT7JM6MQJOSXYCFEEUD,207
307FVKVSYRFF3UAX48LV5E7NRFM74X,208
3SZYX62S5G0XZDEXID45A6D1RBH752,209
3FVBZG9CLJEVXVY8YGK5KO64O62H0T,210
32TMVRKDGNYJ38FGEDD1JE3I2ZS48H,211
3N2YPY1GI6YZ6M8MBC0OKEZHQMNEV2,212
37VHPF5VYC3MYCSV7SJJ2CF6UC9C82,213
3O0M2G5VC62JHDYQJ5JFJAYTM5A496,214
3XD2A6FGFNU2JY0196FXHDEZ0LD9SI,215
3KI0JD2ZU1ITIHEBNWEA2CR1N6S76I,216
3V0TR1NRVA2XMW8VBBXFF59DSNS4AL,217
378G7J1SJLYCLB8R1M5K6GIVXVPEWC,218
3DQYSJDTYLBRABDHBR168ZW26XVEX5,219
3T2HW4QDUV7MCHB5CKPX28AHEIRC9R,220
3EHVO81VN5LV4KJQUZO5YTPETY8H1W,221
3V7ICJJAZAG256DNHPXBAGTJA5D4BG,222
32W3UF2EZOLLFB5TVPT6L0Z1SQD4CN,223
3T8DUCXY0N63YYDGY6KNRIAL24R9T7,224
3V8JSVE8YYQGAG3RGNN8RD3B83PEYB,225
302OLP89DZ70H0LA4Q3XY3L1K09CA6,226
33KMQD9OFJECMHSG66J28QRXIHC77H,227
3RHLQY6EDT4VK3B7VLOH56HJDQP4DN,228
3OJX0UFJ0Z7IYBS5YBAXWEWNLIY9UY,229
309D674SHZL50AQ2A43TTE572IUCB1,230
3DTJ4WT8BDFGF6DWC9PR5KCDEXTEZ2,231
301KG0KX9CL2T51MD3OJ3CZJL4MH2D,232
3087LXLJ6MGBJZ723QW5H3UR8RPF0T,233
37YYO3NWHDQOAFI8O4ZO4YBPK3UCC8,234
3ZURAPD288NBQOSKZ905V8D1DJVF1W,235
3Z33IC0JC0MIBQH531K2S0Y6ZP79VN,236
3CZH926SICE0C9P7RGZ1BOZ4D2Q4EG,237
3LEG2HW4UFNIF9AGID0J0RN65P9F2D,238
356TQKY9XFXGMVXZGBB8MQNST1I784,239
3UV0D2KX1MJSINP3MRJ7T6K4P354FY,240
3KQC8JMJGCSRENX5H32OMM4BRIMH3O,241
3WJGKMRWVI9YF7OMO0UZO4T7536CD8,242
3538U0YQ1FU70R6ZMDEOJ1SYB39F3O,243
3RDTX9JRTY1G00G9L3HMMMI3D7079T,244
3H1C3QRA01J37D2MKV5JUMBS5F7CE1,245
3ZXV7Q5FJBOVDR2IF6PPC4WSHGMCFJ,246
3J9L0X0VDFMVQFHATBPYE2HK6Y99WX,247
3YD0MU1NC21U5JQED9VMIHTNJPI7A8,248
3UV0D2KX1MJSINP3MRJ7T6K4P35F49,249
3VGZ74AYTGG1RRYDQQV7UPW4IVMCGI,250
3PR3LXCWSFZAFFM03GLKGLVRF0F9XQ,251
3YKP7CX6G2FZOTV6JNVIDSDT1737B3,252
3QE4DGPGBRBYWNLYXBPPBRKGQI54GX,253
3IKDQS3DQE0FNI48GEVAF19KX8ECIA,254
3FCO4VKOZ4DXVW7QTEX8E0JE44G7E3,255
379OL9DBSSEZFKCA8C7MZZ20H699YW,256
31ANT7FQN82US2K9VMQH1J2V5EDH5E,257
3X878VYTIEIP1A7MOPHEWI4EG5V7FL,258
39I4RL8QGJHCWJG9HH77WRWH5II4HW,259
3TTPFEFXCTKQB6KN050MTPGV19OH6U,260
3IYI9285WS0BITOEYWGAR2OKAN3CJM,261
3X878VYTIEIP1A7MOPHEWI4EG5VF7T,262
3W31J70BASW6TDUWGHGMSHOXPC3CKL,263
3TRB893CSJAVFA3HZ9NWE34QHKV7GK,264
3CVBMEMMXBG9F6YSJF5EZ3GRWK8H7T,265
3PUOXASB573ZKAMF4Y95D6B2N0D9ZN,266
31D0ZWOD0AZGN8QUSAAD32J0BBCA0B,267
3EHIMLB7F7ZDFK3BTKXKD3CM74EH8G,268
31MBOZ6PAORHDJCE1HSN7H1CEC8CLO,269
3CVBMEMMXBG9F6YSJF5EZ3GRWK87HJ,270
30ZKOOGW2W6GUXBCOTEDH72AG3IA1E,271
3ZUE82NE0A1T1OC5YU9KAI09RP1F8G,272
30OITAWPBQ3DTPMLYC3YDZ7XRAWH95,273
3GVPRXWRPHU9B19CPXNZZFH6WXN7IC,274
3MJ9GGZYO36NJIT87XERMQCF89WA2V,275
3KWGG5KP6J21J1UZ1TT27UG1EHYCMQ,276
37OPIVELUU3RY8WQQIHY9UIHXSEHAK,277
3U18MJKL1UM71JFZDU82K951J78CNQ,278
3G9UA71JVVU56CTI7F8ZBGW69CC7JO,279
3L1EFR8WWT5TFTVF3MFYAEVKBVJF95,280
3S1L4CQSFX57KC5KVSTY6964HD1FAK,281
3UEDKCTP9VQ0HWZ0P08BCVWJO1C7KN,282
36818Z1KV3DC40PRBXSW50H7ENWA36,283
3S8APUMBJXJC3MAC16TU1KQAZVMFBF,284
3ZTE0JGGCESPJ4FBE98FZY569HDCO5,285
3ZXNP4Z39RLB12HIA0KCRV9YD1H7LQ,286
3I7SHAD35MWV7KZ3ACLRR8OND677MS,287
3DIIW4IV8PVCSERTNZPSW3XW5VX4IP,288
37VE3DA4YUHWHI1IWWHU452NFAZHBF,289
3SCKNODZ0XG1P2K3MD0R4NDNIWH7NS,290
3DWNFENNE3V8NPBZ5HAS84CWIAM4J1,291
3V0TR1NRVA2XMW8VBBXFF59DSNSA4R,292
3X4Q1O9UBHMJ7NKFNS04JCDS86M7O7,293
3NSCTNUR2ZNFIFCVPGGPKXFRSJNA5W,294
3ZXV7Q5FJBOVDR2IF6PPC4WSHGMFCM,295
3R16PJFTS3R3Y9HHN2A49JC9XZM4K0,296
3FBEFUUYRK5B1JC9UZQUC3TROEYA6C,297
3EKZL9T8Y8MFRNTOAWDPFP85XVZHCM,298
3OID399FXG75IJ8WF2K0WAEA2GYFDM,299
3WKGUBL7SZMEIFZZ82M5OJPOMZR4L3,300
3PA41K45VN41SNWG2SDJ8CIIIBI7PO,301
3FULMHZ7OUXYOXHK8ENKOW4DM4H4M5,302
3VO4XFFP15MMSZXV25S88H8SN747QF,303
3909MD9T2ZHAAPMWBXVK2SWV2SZFEF,304
3RZS0FBRWKA744RCT9LUOYAWJM9CPM,305
39O0SQZVJN7M40CVFKH8D7IXJT67RG,306
3RWSQDNYL9M2G3MS68FQKAHVETEFFX,307
3YD0MU1NC21U5JQED9VMIHTNJPIA7B,308
3NFWQRSHVEE8U3INHSL82VH7F8EFGW,309
3PZDSVZ3J5H46F2KKF2K1BTDRUR4N5,310
3XDSWAMB22SS4GSRTM0JO306OIVCQD,311
335HHSX8CD5PWFZ2AS80ZVQNIVBHDM,312
3OND0WXMHWFUOLD26NJK5D88I7CHEF,313
30Z7M1Q8UYKY5XVXNENSWHPIU9OA8Y,314
36JW4WBR06KMUZDY1Y3QNVT8U8RHFX,315
39KV3A5D187Y5FC8U9HD3HNT5VP7S4,316
3M67TQBQQHOYJ2E7S6T6WDKTEF6A9N,317
35F6NGNVM8JZKFPNJ9M3DMJF7E37TT,318
3URJ6VVYUPNMO02WLU2XG0TIH4W4OK,319
30QQTY5GMKKEKS4CJECDII5HQSA7UK,320
32204AGAABCS8Z9TCI985GTKVNRHGW,321
3T6EIBTM9LOCOLOCKC76S8VDKXOAA2,322
36JW4WBR06KMUZDY1Y3QNVT8U8RFHV,323
3MXX6RQ9EV5490EX0UFC50Y8R9S4P1,324
3BDORL6HKKDSGH7R61PJTTABK4XCRE,325
3BAWBGQGYLZEX7TCO4MIE4704ZJ7V9,326
3B9J25CZ25D4HW74LQPOJ3F766GCS2,327
374UMBUHN5P5WWKJAQUET8BT8PUCTR,328
3VGET1QSZ0ZRCWTHEERE06QEB8L7WJ,329
3SBX2M1TKDNP9CFC07U155OIW5E4QS,330
3L60IFZKF3I68V44WORQQG5LAN4HHV,331
31YWE12TE0C61WY7OJN02P4LKAR7XC,332
3P6ENY9P79W64QFO269BQS60A0JHIO,333
3TD33TP5DL2H7VT4QQ72NJFJ2F9ABX,334
32FESTC2NHQKW9Z8AVKOY4XVR31CUI,335
3JGHED38EDRV11OHTF92L3BUMGL7YI,336
311HQEI8RSGV6RYMP1BLZAKWSAP7Z9,337
302OLP89DZ70H0LA4Q3XY3L1K09AC4,338
3PKJ68EHDNW2Z1ZUKOUB2TL0NF8HJ0,339
386T3MLZLNV24KXFVCQZ7BD5LNC805,340
3AJA9FLWSCYMQUOI7GLBN7UNUL6FIO,341
3DZKABX2ZI5K9OO8FLUTUQZE5AACV7,342
3AXFSPQOYQYIL58OPY6BZ89N70VFJ0,343
33P2GD6NRNSXAL5C29UN38LD248HKZ,344
37SDSEDIN922B9IXRVUZLGWFQFI818,345
388CL5C1RJN8URNUN96OI8YSR4DHL2,346
36BTXXLZ2V8PLDUCDMJ1AVYNSRG4RT,347
3PN6H8C9R4QAMSRO4MY8I93J50LAD4,348
3RIHDBQ1NEYS095FNL73ILDHR93HM4,349
367O8HRHKG81MSUPSBJ6053JETZ4SH,350
3O2Y2UIUCQUDWPE67J6N0N90MPVFKZ,351
3A520CCNWN0FEY5O0H9SORL45CMAEX,352
31N9JPQXIPIYIRQFZMM3V02HWZDHN4,353
322ZSN9Z5GK21S74HBOWAAZ5GCD4T6,354
3TL87MO8CMPOGVWOSJIOFNMFBP0FL2,355
3X52SWXE0X5XODOD5VZPGSISCJCCWH,356
3TC2K6WK9G290U0TAZUDQZ6KILW82P,357
3D1UCPY6GG9YLCWCEZ8I99BCOZW830,358
36FFXPMST9OG0CQR01MGAP2MM9IHOJ,359
3XDJY5RK5SLH15MTHGE6F6L7ZQK4UX,360
3S1L4CQSFX57KC5KVSTY6964HD1AFF,361
3CVDZS288H08MDE9SVJ3F014BUQFM4,362
3YLTXLH3DF6YLC2SF1ZVZP7CWEEHP0,363
3OKP4QVBP2XDYC1F6CZGOU6GIS1AGE,364
38XPGNCKHT0HEKBTM6OBBSNQDXT4VM,365
3M0556243SKE4VZ94WY3SFQ4GK0FN4,366
33NKDW9FFXICDDT3F0VBIBWZLLICXA,367
3S37Y8CWI80UT9BYCGT7XU64K6V4WW,368
3RSBJ6YZECQWMGZL5BYG74Q96U5FOJ,369
34ZTTGSNJXOJLO37FEEKZUXM1A0HQR,370
3UL5XDRDNCJ1ZRJGSIWBO69W2VN85Q,371
3BO3NEOQM0HRU37AW0ZJ96JWX5TAI6,372
3YLPJ8OXX8D9I9GOMLPTZDKBT814XP,373
3IZPORCT1F9JXPI7ST3K4K7RXW2HRS,374
3JYPJ2TAYI8E7GBMKBBVW4VZGZ1FP0,375
3L55D8AUFAX1DIJDKWHD1P38NRCCYG,376
356TQKY9XFXGMVXZGBB8MQNST1I875,377
3UQ1LLR26A8TK4FGH3WW1MBOE9NALK,378
3G3AJKPCXLSYIE6YRHBVIRRKVEV4YV,379
3YOAVL4CA0HYN4G3N3DEWY0M18Z4ZM,380
3KLL7H3EGD1BQWZO1D8U5HWUI2FHVL,381
3Z3R5YC0P3NCZ84T1SKF1EWW52MFT5,382
33Q5P9PUSPM1I8TIGIJWFWCATLGCZ7,383
3D06DR5225JDQMX1HFXB1ZQDEEDAMM,384
3VZYA8PITOYJH2EDXEJWVR3EJXB500,385
3UEBBGULPFORZLJI1XAP6AIYOGTFUW,386
3XUSYT70IT1ELFT6CK1FT3R6WE9D0G,387
3TZ0XG8CBUKK0ELSV89S0MEYOR689H,388
3N5YJ55YXG3J84I1TGCBEEFDJ4NANM,389
30Z7M1Q8UYKY5XVXNENSWHPIU9O8AW,390
3SX4X51T8091QPIDUVCOT3FI9ESAO1,391
3WGCNLZJKF8ES4EO835F78AG16FD1J,392
3ULIZ0H1VA5JORZVTXNW9WMOOPH513,393
3K3IX1W4S6RJBPUE9VP3I3K8JJOAPI,394
35YHTYFL1G3RC08I6NKU2WKH2N2FVL,395
34R3P23QHS1O5LZTRNDQRJF8PBHHWV,396
3G57RS03HH5QDCHRC1NAEFWTGVV52K,397
3A9LA2FRWSE3UL4J1S9CT2TFYDNHXO,398
3P4ZBJFX2V34RP8NWXPQOY3V9W4FWV,399
3I01FDIL6M8LHPWKR75TCRKLTCTD20,400
306W7JMRYYY3O70PTSNORS9OCR98BR,401
3QHITW7OYO94B1VT984SI8AIOFAAQ9,402
32PT7WK7DMFA27S3V7JYV1PDZQTD3B,403
34HEO7RUG6U4N2ATMNTSNYKNK1CARA,404
3VMHWJRYHVGJGPDD62LCQHH2IYAFXO,405
30UZJB2POHCFYUDAG11FXP1LM9V53V,406
3D42WVSDH8V8GU3NBY7E9VOBK44FYU,407
3SR6AEG6W5TSUQUT6OVECG0O0JHHYU,408
3AC6MFV69KISZG4Y2AXXQN9Q6DLHZL,409
3VP28W7DUNK8LKDS7K9XN2XDQY8FZL,410
3RHLQY6EDT4VK3B7VLOH56HJDQPD4W,411
3WRBLBQ2GR8HXZ3XEA2NZOU396PG0T,412
37VHPF5VYC3MYCSV7SJJ2CF6UC98CY,413
3PMR2DOWOO10GQWEGF6Y7UTR09R54G,414
34D9ZRXCYRUGOHA61CTXD8PJ63VASY,415
3HEA4ZVWVDMIC90EUKP8CMZ505M55L,416
3JVP4ZJHDPSVTQ9S4Y2QK07JOJHI0N,417
3VDVA3ILIDFH4OOFAT6NDTDDEYVG1W,418
3J94SKDEKIPDGMF79Q7RAYNXDMKD51,419
3IH9TRB0FBZV0FUA0H6QY5QTTBNI1Q,420
3BS6ERDL9379ZQFLE9HW241X9HVD6H,421
39XCQ6V3KY4EVD0SZ3ZD4SD5W0X561,422
341YLJU21IZ2P0C6JL643O0YLH1I27,423
3HXK2V1N4KFOT96BTX61ICNI649G2D,424
3UUSLRKAUL3S3QTQXJMO8I1T4SFD7G,425
3WGZLY9VCHMW34Y97OEUMIXOFCLD83,426
3SZYX62S5G0XZDEXID45A6D1RBH570,427
31MCUE39BKMDER2UXXK61MSACI9G3O,428
308KJXFUJR6H3HNLQCYNNDL58M9ATN,429
3OQQD2WO8I6RAI8PNLK9MY5QRV1I3I,430
3UL5XDRDNCJ1ZRJGSIWBO69W2VN58N,431
3QE4DGPGBRBYWNLYXBPPBRKGQI5G49,432
3I6NF2WGIGWGS6PYBG8ZGJQUQE0G5E,433
3PKJ68EHDNW2Z1ZUKOUB2TL0NF8JH2,434
3DIIW4IV8PVCSERTNZPSW3XW5VXI43,435
3INZSNUD80QWH9HJCGK8MESZZI3D9S,436
3GS542CVJVN1DW2QXA2PO247M1559C,437
3PN6H8C9R4QAMSRO4MY8I93J50LDA7,438
3VJ4PFXFJ37W3U2AQHOXS977R0GAUE,439
35A1YQPVFEGUOXVT14821V3A5RSI58,440
3NSCTNUR2ZNFIFCVPGGPKXFRSJN5AR,441
3APP19WN71ECBAPCGZI48P4UM9BG6U,442
3TRB893CSJAVFA3HZ9NWE34QHKVG7T,443
3XT3KXP24ZYQ71V76NI7T1HA1M3I6O,444
3NZ1E5QA6Z1K1PHNVUGLF8ZXA185BM,445
363A7XIFV4MWG9RAV7Y2OV9Q57PAV3,446
3TKXBROM5TA2VWAEQ6CW25MFNSNJIV,447
3PUV2Q8SV44F52WGA0Y4DKNPNI6DB2,448
3VDI8GSXAFTZFO809EF2S30LS41G8G,449
3UOMW19E6D63BU9T9UCGQS5FSM85CT,450
3HKIF5DF6YXZTTRAE6LGSZVWCAJG95,451
3GVPRXWRPHU9B19CPXNZZFH6WXNI7N,452
3WJGKMRWVI9YF7OMO0UZO4T7536DC9,453
3TY2U1TEB7AYQ7UK8OXWE61F07CJJ7,454
3J94SKDEKIPDGMF79Q7RAYNXDMK5DT,455
3Q9SPIIRWJM9VYRFLH3YAXS4CGRAWD,456
3IHWR4LC7DDDBFEVZ2F5DFD17HTI8A,457
34R0BODSP1ZI8ST75LIBGG5IDYL5EM,458
34OWYT6U3WHDPKX54ULJDB8CRNBI9Z,459
373L46LKP76T1R02Q9X8FL1SFWCJK6,460
3WRAAIUSBJZOKYW5VMZKCG6BLIXAX6,461
3OKP4QVBP2XDYC1F6CZGOU6GIS1GAK,462
3CMV9YRYP314LXIKB999ULE74WHJL9,463
3BO3NEOQM0HRU37AW0ZJ96JWX5TIAE,464
3E9VAUV7BWEDK3MF0ILMVUDKNORAYC,465
3L4YG5VW9NS8KZU0OWPA8ABPQ3IDD9,466
3OREP8RUT2BIHM67CQZCJ5QM0AMGBF,467
3VW0145YLYCORF05BLAOUYTW417JMB,468
3VGZ74AYTGG1RRYDQQV7UPW4IVMGCM,469
351S7I5UG9WU9XL5NMPO7DIW9RHJNB,470
3MNJFORX8B4AE6T30W2HYYQIPZ05F4,471
3K1H3NEY7LZBWJ4RQMQIEVEM3VYGDM,472
35JDMRECC49GOPIRMH12KDW737ZGEF,473
3NFWQRSHVEE8U3INHSL82VH7F8EGFX,474
3BVS8WK9Q0VWDDC22EZF4H32FNEIB9,475
3ATYLI1PRT2CRILHO1P1M2I1Z1MJOQ,476
36MUZ9VAE62DC580KR0UESTAQFJDE2,477
3WUVMVA7OB3DPTWKW4N591MMTIVAZ3,478
3IKDQS3DQE0FNI48GEVAF19KX8EICG,479
3I6NF2WGIGWGS6PYBG8ZGJQUQE05G3,480
3JY0Q5X05J6E83EISCRQKGHJGNEGGW,481
32ZCLEW0BZKUCIXI312GB2NR96IJP7,482
31ANT7FQN82US2K9VMQH1J2V5ED5H2,483
31KPKEKW4ADL6IVMYOA9YD36TTXB07,484
32204AGAABCS8Z9TCI985GTKVNRGHV,485
375VMB7D4JJPSAAMGAQLZ7R2I8QIDG,486
35A1YQPVFEGUOXVT14821V3A5RS5IV,487
362E9TQF2HQS4UKDI0RT5SUZV06GIO,488
3OID399FXG75IJ8WF2K0WAEA2GYDFK,489
38DCH97KHH2FCUYX3EH5B7D1E24JQY,490
3K1H3NEY7LZBWJ4RQMQIEVEM3VYDGJ,491
306996CF6WKLD7G4U7E9CIMGYL3B1A,492
3SNR5F7R92TUKGOMC5155P9NIKRIE9,493
35O6H0UNLSGQJ8FZJMT2DWIAI6H5J7,494
3MD8CKRQZZNFOVDXGT65GXN6AO6JRZ,495
36GJS3V78VQOZ54J0ICTHT9Z8FVGJ0,496
3M93N4X8HKNRPADAVI6A67S2WQPJSN,497
335HHSX8CD5PWFZ2AS80ZVQNIVBDHI,498
3MQY1YVHS3KS2SY0DBENH1WLQRHB2R,499
362E9TQF2HQS4UKDI0RT5SUZV06IGQ,500
3I4E7AFQ2KZS4AQPKIB0GCOOY93JTC,501
