3A520CCNXRGBV3ISFKK7D1LGYUHEA5,2021-11-10T11:31:58.7071566,3D6XXPFXVL6HONIBJ1D8Z1LSJF1XS1
3E24UO25R36WKSJEJL6R28D86DXO6T,2021-11-10T11:32:07.6056883,3D6XXPFXVL6HONIBJ1D8Z1LSJF1XS1
3XEIP58NM43Q2H0S8YNA7P29GCPLZ0,2021-11-10T11:32:09.7023752,3D6XXPFXVL6HONIBJ1D8Z1LSJF1XS1
3KTCJ4SCWKHDD3X50ZFXF8XM322M1E,2021-11-10T11:32:16.5535251,3D6XXPFXVL6HONIBJ1D8Z1LSJF1XS1
36D1BWBEIRHK2OF1J3FBKR7RV8GM2V,2021-11-10T11:32:16.6811335,3D6XXPFXVL6HONIBJ1D8Z1LSJF1XS1
34D9ZRXCZVAC5MNAGF4C2IPVZLQSAK,2021-11-10T11:32:16.8217673,3D6XXPFXVL6HONIBJ1D8Z1LSJF1XS1
3ZQX1VYFUHLJO622C03PMM9ZC8NO8F,2021-11-10T11:32:16.9595689,3D6XXPFXVL6HONIBJ1D8Z1LSJF1XS1
38DCH97KILIBTZB1IHSK0HDD7KZJQ2,2021-11-10T11:32:17.1157916,3D6XXPFXVL6HONIBJ1D8Z1LSJF1XS1
3ZVPAMTJXRJ1EY00NQWH8UV2BEKGRW,2021-11-10T11:32:17.2408083,3D6XXPFXVL6HONIBJ1D8Z1LSJF1XS1
3Q2T3FD0PRO9N6BKN3TG31CJ1MGM36,2021-11-10T11:32:17.8979867,3D6XXPFXVL6HONIBJ1D8Z1LSJF1XS1
