3XDSWAMB368OLL5V8PEM1NHVUNICQQ,2021-12-16T13:29:44.962028,3F54WXCIFU53Z6046IVYTNFUZLX56R
30Z7M1Q8V20UM2812H1V91670EBA8B,2021-12-16T13:29:45.141532,3F54WXCIFU53Z6046IVYTNFUZLX56R
3GL25Y6857AL34IY7S3SYRI0L49MXF,2021-12-16T13:29:45.319614,3F54WXCIFU53Z6046IVYTNFUZLX56R
3BDORL6HLOTOXMKVL43M6DR0Q9KCRR,2021-12-16T13:29:45.440251,3F54WXCIFU53Z6046IVYTNFUZLX56R
3LN50BUKQZRWODYMLPSW41H8J0APLS,2021-12-16T13:29:45.582303,3F54WXCIFU53Z6046IVYTNFUZLX56R
3PA41K45WRKX9S9KHVRMLWZ7OG57P1,2021-12-16T13:29:45.746739,3F54WXCIFU53Z6046IVYTNFUZLX56R
3Y3N5A7N5KPA3988COPUH5P9NA3MYL,2021-12-16T13:29:45.933426,3F54WXCIFU53Z6046IVYTNFUZLX56R
3LOJFQ4BP1VCFADEVGP0P7N4GH2KD6,2021-12-16T13:29:46.126819,3F54WXCIFU53Z6046IVYTNFUZLX56R
3JVP4ZJHET8RAVMWJ1GTXKO8UO4I00,2021-12-16T13:29:46.296334,3F54WXCIFU53Z6046IVYTNFUZLX56R
3VO4XFFP292I94AZH86BL1PHTCR7QS,2021-12-16T13:29:46.448227,3F54WXCIFU53Z6046IVYTNFUZLX56R
3B9J25CZ39T0Y1K80T3RWNWWCB3CSF,2021-12-16T13:29:46.563627,3F54WXCIFU53Z6046IVYTNFUZLX56R
3S8APUMBK1Z8KRNGG97XE47Z509FBS,2021-12-16T13:29:46.711992,3F54WXCIFU53Z6046IVYTNFUZLX56R
3IH9TRB0GFFRHK7EFKKTBP7IZGAI13,2021-12-16T13:29:46.864268,3F54WXCIFU53Z6046IVYTNFUZLX56R
3M67TQBQRL4U07RB79799X1IKKTA90,2021-12-16T13:29:47.007913,3F54WXCIFU53Z6046IVYTNFUZLX56R
39O0SQZVKRNIL5PZUNVBQRZMPYT7RT,2021-12-16T13:29:47.159085,3F54WXCIFU53Z6046IVYTNFUZLX56R
374UMBUHO951D1XNPT8H6SSIEUHCT4,2021-12-16T13:29:47.276985,3F54WXCIFU53Z6046IVYTNFUZLX56R
3ZXV7Q5FKF4RUWFMU93SPODHNL9FCZ,2021-12-16T13:29:47.407276,3F54WXCIFU53Z6046IVYTNFUZLX56R
341YLJU22MFY65PAYOK7G8HNRMOI2K,2021-12-16T13:29:47.555267,3F54WXCIFU53Z6046IVYTNFUZLX56R
3GONHBMNIZEA8ZID8ARDVCYBT47MZC,2021-12-16T13:29:47.716168,3F54WXCIFU53Z6046IVYTNFUZLX56R
32FESTC2OL6GDECCPYYRBOEKX8OCUV,2021-12-16T13:29:47.847817,3F54WXCIFU53Z6046IVYTNFUZLX56R
3T6EIBTMAP485Q1GZFL95SC2Q2BAAF,2021-12-16T13:29:47.999371,3F54WXCIFU53Z6046IVYTNFUZLX56R
3DZKABX20MLGQT1CUO8W7AG3BFXCVK,2021-12-16T13:29:48.112077,3F54WXCIFU53Z6046IVYTNFUZLX56R
34XASH8KMU2GUVG7L1TB4EWXJ50PMU,2021-12-16T13:29:48.235196,3F54WXCIFU53Z6046IVYTNFUZLX56R
39KV3A5D2CNUMKPC9CVGG14IB0C7SH,2021-12-16T13:29:48.377841,3F54WXCIFU53Z6046IVYTNFUZLX56R
3TD33TP5EPIDO0685TL503W88KWABA,2021-12-16T13:29:48.53278,3F54WXCIFU53Z6046IVYTNFUZLX56R
366FYU4PUK5H7GRERB0KVP5PGT3KEZ,2021-12-16T13:29:48.700602,3F54WXCIFU53Z6046IVYTNFUZLX56R
3OID399FYKN1ZOL0U5Y39UVZ8LLFDZ,2021-12-16T13:29:48.822434,3F54WXCIFU53Z6046IVYTNFUZLX56R
302OLP89E3NWY5YEJTH0BN2QQ5WACH,2021-12-16T13:29:48.985656,3F54WXCIFU53Z6046IVYTNFUZLX56R
3VZYA8PIUSEFY7RHCHXZ8BK3P2Y50D,2021-12-16T13:29:49.160333,3F54WXCIFU53Z6046IVYTNFUZLX56R
3O2Y2UIUDUA9DURAMMKQD7QPSUIKFH,2021-12-16T13:29:49.327655,3F54WXCIFU53Z6046IVYTNFUZLX56R
3E22YV8GH5MMCD17X28BHTLXOVAPNU,2021-12-16T13:29:49.446509,3F54WXCIFU53Z6046IVYTNFUZLX56R
35F6NGNVNCZV1K2RYC06Q604DJQ7T6,2021-12-16T13:29:49.594866,3F54WXCIFU53Z6046IVYTNFUZLX56R
3VCK0Q0PP9UJOWXNGHTL2SKPGNYN0L,2021-12-16T13:29:49.7635,3F54WXCIFU53Z6046IVYTNFUZLX56R
3ULIZ0H1WELF5WCZ801ZMG3DUU451G,2021-12-16T13:29:49.921841,3F54WXCIFU53Z6046IVYTNFUZLX56R
30QQTY5GNO0A1XHGYHQGV2M6WXX7UX,2021-12-16T13:29:50.068006,3F54WXCIFU53Z6046IVYTNFUZLX56R
3KL228NDNZ2FRUN5X6Q8VSQ1T9IKGG,2021-12-16T13:29:50.236058,3F54WXCIFU53Z6046IVYTNFUZLX56R
3G57RS03ILLMUHUVR41DRZDIM0I52X,2021-12-16T13:29:50.397923,3F54WXCIFU53Z6046IVYTNFUZLX56R
3OQQD2WO9MMNRNLT2OYCZIMFX0OI3V,2021-12-16T13:29:50.54215,3F54WXCIFU53Z6046IVYTNFUZLX56R
3909MD9T33X6RUZ0Q09NFCDK8XMFES,2021-12-16T13:29:50.662167,3F54WXCIFU53Z6046IVYTNFUZLX56R
3UY4PIS8RV1JVLI5C0XLGX3ZLF4N1O,2021-12-16T13:29:50.874062,3F54WXCIFU53Z6046IVYTNFUZLX56R
3DIIW4IV9TB89J4X223V9NELB0KI4G,2021-12-16T13:29:51.02219,3F54WXCIFU53Z6046IVYTNFUZLX56R
3JU8CV4BSPS4UY1JYH8OWIL2E5FPO9,2021-12-16T13:29:51.144394,3F54WXCIFU53Z6046IVYTNFUZLX56R
3BAWBGQGZPFAEC6G370LROOPA467VM,2021-12-16T13:29:51.296889,3F54WXCIFU53Z6046IVYTNFUZLX56R
3X52SWXE11LT5I1HKYDSTCZHIOZCWU,2021-12-16T13:29:51.416917,3F54WXCIFU53Z6046IVYTNFUZLX56R
3RWSQDNYMD2YX8ZWLBTTXUYKKY1FFA,2021-12-16T13:29:51.539244,3F54WXCIFU53Z6046IVYTNFUZLX56R
3B0MCRZMCVAMFYDKDHL3LIQSOABPPQ,2021-12-16T13:29:51.656001,3F54WXCIFU53Z6046IVYTNFUZLX56R
35A1YQPVGIWQ528XG7M5EFKZBWFI5L,2021-12-16T13:29:51.79772,3F54WXCIFU53Z6046IVYTNFUZLX56R
3PN6H8C9S8663X4SJPCBVTK8B58ADH,2021-12-16T13:29:51.950131,3F54WXCIFU53Z6046IVYTNFUZLX56R
3VGET1QS04FNT16LTH5HDQ73HD87WW,2021-12-16T13:29:52.094926,3F54WXCIFU53Z6046IVYTNFUZLX56R
30UZJB2PPLSBFZQEV4FIA9IASEI538,2021-12-16T13:29:52.262182,3F54WXCIFU53Z6046IVYTNFUZLX56R
33P2GD6NSR8TRQIGHC8QGS2289VKHF,2021-12-16T13:29:52.419728,3F54WXCIFU53Z6046IVYTNFUZLX56R
3A520CCNXRGBV3ISFKNV1B2TBH9AEA,2021-12-16T13:29:52.612719,3F54WXCIFU53Z6046IVYTNFUZLX56R
31YWE12TF4S2I1BB3M13F9LAQFE7XP,2021-12-16T13:29:52.755726,3F54WXCIFU53Z6046IVYTNFUZLX56R
3NFWQRSHWIU4B8VRWVZBFFYWLD1FG9,2021-12-16T13:29:52.875403,3F54WXCIFU53Z6046IVYTNFUZLX56R
3HEM8MA6IDS7FAEZDU0SLNG2T6XPQH,2021-12-16T13:29:52.991975,3F54WXCIFU53Z6046IVYTNFUZLX56R
3XT3KXP253EMO68BLQWA6LYZ7RQI61,2021-12-16T13:29:53.148706,3F54WXCIFU53Z6046IVYTNFUZLX56R
3GITHABAD21QK601V4XZLGD4DLIN25,2021-12-16T13:29:53.305847,3F54WXCIFU53Z6046IVYTNFUZLX56R
37PGLWGSKXMTNLT0NUQBG43H8MAKI8,2021-12-16T13:29:53.48306,3F54WXCIFU53Z6046IVYTNFUZLX56R
33NKDW9FG1Y8UI67U39EVVDORQ5CXN,2021-12-16T13:29:53.644489,3F54WXCIFU53Z6046IVYTNFUZLX56R
36JW4WBR1A0IB4Q2G1HT0FAX0DEFH8,2021-12-16T13:29:53.765109,3F54WXCIFU53Z6046IVYTNFUZLX56R
3VEI3XUC0VD7RBTZQ9PSQDQ7PSZPRI,2021-12-16T13:29:53.887795,3F54WXCIFU53Z6046IVYTNFUZLX56R
307L9TDWK28F5OWKZ4B44QIWJZIN3G,2021-12-16T13:29:54.041306,3F54WXCIFU53Z6046IVYTNFUZLX56R
3S1L4CQSG1L31HIOAV71JTNTNIOAFS,2021-12-16T13:29:54.207866,3F54WXCIFU53Z6046IVYTNFUZLX56R
3JGHED38FH7RI61L8IN5YNSJSL87YV,2021-12-16T13:29:54.350413,3F54WXCIFU53Z6046IVYTNFUZLX56R
3AJA9FLWTGEI7Z1MMJZE0RBC0QTFI1,2021-12-16T13:29:54.518625,3F54WXCIFU53Z6046IVYTNFUZLX56R
3GVPRXWRQLA5S6MG4012CZYV22AI70,2021-12-16T13:29:54.66247,3F54WXCIFU53Z6046IVYTNFUZLX56R
3PMR2DOWPSHWXV9IVIK1KEAG6EE54T,2021-12-16T13:29:54.828688,3F54WXCIFU53Z6046IVYTNFUZLX56R
3OKP4QVBQ6D9FHEJLFDJ1EN5OXOAGR,2021-12-16T13:29:54.980374,3F54WXCIFU53Z6046IVYTNFUZLX56R
311HQEI8SWWRNWBQ44POCU1LYFC7ZM,2021-12-16T13:29:55.138314,3F54WXCIFU53Z6046IVYTNFUZLX56R
3VADEH0UIGDJSQTC5YPXGNV3BUIPS6,2021-12-16T13:29:55.27332,3F54WXCIFU53Z6046IVYTNFUZLX56R
3AXFSPQOZUEE2ALS41KECSQCD5IFJD,2021-12-16T13:29:55.383297,3F54WXCIFU53Z6046IVYTNFUZLX56R
3PZDSVZ3K9X0NKFOZIGNEVA2XZEN41,2021-12-16T13:29:55.540229,3F54WXCIFU53Z6046IVYTNFUZLX56R
3IHWR4LC8HT9SKRZE5T8QZUQDMGI8N,2021-12-16T13:29:55.685412,3F54WXCIFU53Z6046IVYTNFUZLX56R
37OPIVELVYJNFD9U5LV1MEZ63X1AHQ,2021-12-16T13:29:55.834495,3F54WXCIFU53Z6046IVYTNFUZLX56R
3L55D8AUGEDXUNWHZZVGE9KXTWZCYT,2021-12-16T13:29:55.952668,3F54WXCIFU53Z6046IVYTNFUZLX56R
3R5OYNIC3GPK7Q6RUYUNQSRPDDWPTV,2021-12-16T13:29:56.066313,3F54WXCIFU53Z6046IVYTNFUZLX56R
3O2Y2UIUDUA9DURAMMKQD7QPSUIFKC,2021-12-16T13:29:56.176195,3F54WXCIFU53Z6046IVYTNFUZLX56R
3HRWUH63RYIIJ3JODNZXJNGGXV9N56,2021-12-16T13:29:56.338491,3F54WXCIFU53Z6046IVYTNFUZLX56R
34OWYT6U40X96PA9JXZMQVP1XSYI9C,2021-12-16T13:29:56.491209,3F54WXCIFU53Z6046IVYTNFUZLX56R
3BO3NEOQN4XNB8KEB3DMMQ0L3AGAIJ,2021-12-16T13:29:56.639471,3F54WXCIFU53Z6046IVYTNFUZLX56R
386T3MLZMRBYLPAJAF42KVUURSZ80I,2021-12-16T13:29:56.784722,3F54WXCIFU53Z6046IVYTNFUZLX56R
33Q5P9PUTT2XZD6MVLXZSGTZZQ3CZK,2021-12-16T13:29:56.903477,3F54WXCIFU53Z6046IVYTNFUZLX56R
3MG8450X3SQZ73LGU3KXVODRWR3PUM,2021-12-16T13:29:57.018793,3F54WXCIFU53Z6046IVYTNFUZLX56R
3TL87MO8DQ5KX09S7MWRS734HUNFLF,2021-12-16T13:29:57.137345,3F54WXCIFU53Z6046IVYTNFUZLX56R
39AYGO6AGJ0E27J2I692BTUGTQKN6M,2021-12-16T13:29:57.310234,3F54WXCIFU53Z6046IVYTNFUZLX56R
373L46LKQBMPIWD65CBBS5IHL1ZKJK,2021-12-16T13:29:57.475341,3F54WXCIFU53Z6046IVYTNFUZLX56R
3B286OTITIXJ6J4KTLYMYRFLGP5AJV,2021-12-16T13:29:57.623325,3F54WXCIFU53Z6046IVYTNFUZLX56R
3XUSYT70JXHA2K6ARNFI6N8V2JWD0T,2021-12-16T13:29:57.741278,3F54WXCIFU53Z6046IVYTNFUZLX56R
3X0EMNLXFT5ZKIAGZTU2RAFAAYCPVB,2021-12-16T13:29:57.858729,3F54WXCIFU53Z6046IVYTNFUZLX56R
3BO3NEOQN4XNB8KEB3DMMQ0L3AGIAR,2021-12-16T13:29:58.004674,3F54WXCIFU53Z6046IVYTNFUZLX56R
3HEA4ZVWWH2ETEDI9N3BP6GU6A955Y,2021-12-16T13:29:58.165537,3F54WXCIFU53Z6046IVYTNFUZLX56R
3P7RGTLO7ITEH3A2B6YYZ6FYVE5AKU,2021-12-16T13:29:58.309305,3F54WXCIFU53Z6046IVYTNFUZLX56R
3WGCNLZJLJOA99RSN6JIKSR57B2D1W,2021-12-16T13:29:58.471554,3F54WXCIFU53Z6046IVYTNFUZLX56R
3CVDZS289LG43IRD7YX6SKITHZDFMH,2021-12-16T13:29:58.593648,3F54WXCIFU53Z6046IVYTNFUZLX56R
39XCQ6V3L2KACIDWE6DGHCUU25K56E,2021-12-16T13:29:58.749436,3F54WXCIFU53Z6046IVYTNFUZLX56R
37SDSEDIODIYSEV16Y82Y0D4WK581L,2021-12-16T13:29:58.895491,3F54WXCIFU53Z6046IVYTNFUZLX56R
3H6W48L9G85CZ7ALP3ZYDCYOH7EPWL,2021-12-16T13:29:59.022074,3F54WXCIFU53Z6046IVYTNFUZLX56R
3I01FDIL7QOHYU9O6AJWPB1AZHGD2D,2021-12-16T13:29:59.134153,3F54WXCIFU53Z6046IVYTNFUZLX56R
3SCKNODZ11WX67X71GEUH7UCO14N7L,2021-12-16T13:29:59.299842,3F54WXCIFU53Z6046IVYTNFUZLX56R
3L84EBDQ4BIKTGJONXBNTKIU0QZKKJ,2021-12-16T13:29:59.462891,3F54WXCIFU53Z6046IVYTNFUZLX56R
3ZXNP4Z3AV17I7UMP3YF4FQNJ64L7H,2021-12-16T13:43:29.902105,3F4KLX19QYMTKVZ1HFAVEH7YXEPOEZ
3LVTFB9DF9Y12XL0ABA5RE2ASFAQGE,2021-12-16T13:43:30.036724,3F4KLX19QYMTKVZ1HFAVEH7YXEPOEZ
371DNNCG58IZ1Y7A8HSC46WZO3W8TU,2021-12-16T13:43:30.183173,3F4KLX19QYMTKVZ1HFAVEH7YXEPOEZ
3U74KRR68Q1K45UEEJHVM3MUDYVNTX,2021-12-16T13:43:30.361402,3F4KLX19QYMTKVZ1HFAVEH7YXEPOEZ
3NZ1E5QA73HGIUURAXUOSSGMG6VB55,2021-12-16T13:43:30.532165,3F4KLX19QYMTKVZ1HFAVEH7YXEPOEZ
31JUPBOOSRKBILZ5Z8QLIFMIUQAL84,2021-12-16T13:43:30.687146,3F4KLX19QYMTKVZ1HFAVEH7YXEPOEZ
34ZTTGSNK14F2TGBUHSNCEEB7FNQHD,2021-12-16T13:43:30.801283,3F4KLX19QYMTKVZ1HFAVEH7YXEPOEZ
32CXT5U15KJE1BMZ8MIM92I17H38UL,2021-12-16T13:43:30.950027,3F4KLX19QYMTKVZ1HFAVEH7YXEPOEZ
3FI30CQHWOZC1YU5FG4TKYUMC16B6L,2021-12-16T13:43:31.096179,3F4KLX19QYMTKVZ1HFAVEH7YXEPOEZ
3QD8LUVX51ENVXXSFTM6HP7EZ9J5X8,2021-12-16T13:43:31.275788,3F4KLX19QYMTKVZ1HFAVEH7YXEPOEZ
3VLL1PIEOU4Y823PLQ6QNGNGO8FOZU,2021-12-18T09:00:07.712104,3Z51ZTGR652Z0ZZZ4OFIGLL2OMXWZP
39HYCOOPLS175YDHGS2G4KF85QQMDE,2021-12-18T09:00:07.871612,3Z51ZTGR652Z0ZZZ4OFIGLL2OMXWZP
3909MD9T33X6RUZ0Q09NFCDK81FFET,2021-12-18T09:00:07.999894,3Z51ZTGR652Z0ZZZ4OFIGLL2OMXWZP
3IH9TRB0GFFRHK7EFKKTBP7IZK3I14,2021-12-18T09:00:08.17118,3Z51ZTGR652Z0ZZZ4OFIGLL2OMXWZP
31MBOZ6PBS7DUOPIGK6QK1I1KLOCL2,2021-12-18T09:00:08.341763,3Z51ZTGR652Z0ZZZ4OFIGLL2OMXWZP
32LAQ1JNUD5XZVENBKTH0YEOLYHTUW,2021-12-18T09:00:08.513776,3Z51ZTGR652Z0ZZZ4OFIGLL2OMXWZP
30IRMPJWE3Z6GKWJDHKKUW48VMMRKK,2021-12-18T09:00:08.643298,3Z51ZTGR652Z0ZZZ4OFIGLL2OMXWZP
3PEG1BH7BI7J0DFUHKYUUHZ4D0JKB0,2021-12-18T09:00:08.773302,3Z51ZTGR652Z0ZZZ4OFIGLL2OMXWZP
3D5G8J4N6EKXCA3NGA3MWKG7Z5QTVL,2021-12-18T09:00:08.928778,3Z51ZTGR652Z0ZZZ4OFIGLL2OMXWZP
341YLJU22MFY65PAYOK7G8HNRQHI2L,2021-12-18T09:00:09.087557,3Z51ZTGR652Z0ZZZ4OFIGLL2OMXWZP
3VGZ74AYUKWX8WBH5T9A79DTO4KCGE,2021-12-19T09:00:07.712104,3SVBLF8C375ZIZTF7BY2NTS7SK05FU
3M67TQBQRL4U07RB79799X1IKO4A9J,2021-12-19T09:00:07.712104,3SVBLF8C375ZIZTF7BY2NTS7SK05FU
3UV0D2KX2QZOZS271UXA6Q1TVC3F45,2021-12-19T09:00:07.712104,3SVBLF8C375ZIZTF7BY2NTS7SK05FU
3DW3BNF1HLYEEQBZDCSR5OKKLSMV8F,2021-12-19T09:00:07.712104,3SVBLF8C375ZIZTF7BY2NTS7SK05FU
3N3WJQXEMW60W6XGJRHK8O9F8UT2L1,2021-12-19T09:00:07.712104,3SVBLF8C375ZIZTF7BY2NTS7SK05FU
3ZXV7Q5FKF4RUWFMU93SPODHNPKCFF,2021-12-19T09:00:07.712104,3SVBLF8C375ZIZTF7BY2NTS7SK05FU
30Z7M1Q8V20UM2812H1V91670IMA8U,2021-12-19T09:00:07.712104,3SVBLF8C375ZIZTF7BY2NTS7SK05FU
3538U0YQ2JA3HWJ31GSRWL9NHC7F3K,2021-12-19T09:00:07.712104,3SVBLF8C375ZIZTF7BY2NTS7SK05FU
33NKDW9FG1Y8UI67U39EVVDORUFXCQ,2021-12-19T09:00:07.712104,3SVBLF8C375ZIZTF7BY2NTS7SK05FU
37SDSEDIODIYSEV16Y82Y0D4WK581L,2021-12-19T09:00:07.712104,3SVBLF8C375ZIZTF7BY2NTS7SK05FU
3RIHDBQ1OIEOHEIJ2OL6V5U6XLLHMQ,2021-12-20T13:59:08.965622,3J9MIGFLBCANP5WOLE43Y4D1RKW38L
3W0XM68Y0TBINFX2FN55O5MVRRUK1P,2021-12-20T13:59:09.132528,3J9MIGFLBCANP5WOLE43Y4D1RKW38L
3IYI9285XWG7ZY1IDZUD4M59GZLCJ8,2021-12-20T13:59:09.300405,3J9MIGFLBCANP5WOLE43Y4D1RKW38L
3909MD9T33X6RUZ0Q09NFCDK84HFE1,2021-12-20T13:59:09.471998,3J9MIGFLBCANP5WOLE43Y4D1RKW38L
3HXK2V1N5OVKAEJF80K4VW47CGR2GL,2021-12-20T13:59:09.659074,3J9MIGFLBCANP5WOLE43Y4D1RKW38L
3YD0MU1ND6HQMO3ISC9PV1ACP10A7X,2021-12-20T13:59:09.825383,3J9MIGFLBCANP5WOLE43Y4D1RKW38L
3IKMEYR0M0BPC0FYYR5JTOW0JX8K26,2021-12-20T13:59:09.987916,3J9MIGFLBCANP5WOLE43Y4D1RKW38L
3UEDKCTPAZ6WY1C443MEPFD8UDU7K9,2021-12-20T13:59:10.155451,3J9MIGFLBCANP5WOLE43Y4D1RKW38L
3ULIZ0H1WELF5WCZ801ZMG3DU1Z51P,2021-12-20T13:59:10.289576,3J9MIGFLBCANP5WOLE43Y4D1RKW38L
3RWSQDNYMD2YX8ZWLBTTXUYKK5WFFJ,2021-12-20T13:59:10.434068,3J9MIGFLBCANP5WOLE43Y4D1RKW38L
3GMLHYZ0MIDTGHDHLQGG8F631AXYU9,2022-01-25T12:00:06.814982,3EW1JQHP1YOB09HHOZT0VGCIFB862T
3HA5ODM5LE8WXAQ8RAYWMFKLYWAVSH,2022-01-25T12:00:06.969864,3EW1JQHP1YOB09HHOZT0VGCIFB862T
3R6RZGK0YJSTTW2HQGQL418MFH6YVY,2022-01-25T12:00:07.179017,3EW1JQHP1YOB09HHOZT0VGCIFB862T
3D5G8J4N6EKXCA3NGA3MWKG70FOVT6,2022-01-25T12:00:07.323781,3EW1JQHP1YOB09HHOZT0VGCIFB862T
3R6RZGK0YJSTTW2HQGQL418MFH6YVY,2022-01-25T12:00:07.499783,3EW1JQHP1YOB09HHOZT0VGCIFB862T
3XJOUITW9Y757276UB9CQXHZJN9QT7,2022-01-25T12:00:07.711087,3EW1JQHP1YOB09HHOZT0VGCIFB862T
33BFF6QPJ5R5SI5YR52R09VNDPE3W8,2022-01-25T12:00:07.887653,3EW1JQHP1YOB09HHOZT0VGCIFB862T
3WGZLY9VDL2SK9BDMRSXZ2EDMV08DW,2022-01-25T12:00:08.172236,3EW1JQHP1YOB09HHOZT0VGCIFB862T
38G0E1M86QLCCNICGFTW1G29JTVVUX,2022-01-25T12:00:08.304248,3EW1JQHP1YOB09HHOZT0VGCIFB862T
39TX062QY54KHIAO1AYD2S9UMRK3X1,2022-01-25T12:00:08.483326,3EW1JQHP1YOB09HHOZT0VGCIFB862T
3TLFH2L6ZD4OFJ5LS0JBUFJW3HI2TS,2022-01-25T12:00:06.814982,3EW1JQHP1YOB09HHOZT0VGCIFB862T
3XUSYT70JXHA2K6ARNFI6N8V3XA0DN,2022-01-25T12:00:06.969864,3EW1JQHP1YOB09HHOZT0VGCIFB862T
34XASH8KMU2GUVG7L1TB4EWXKJDPM0,2022-01-25T12:00:07.179017,3EW1JQHP1YOB09HHOZT0VGCIFB862T
3LAZVA75OM782R0DWJXC05D9490O2R,2022-01-25T12:00:07.323781,3EW1JQHP1YOB09HHOZT0VGCIFB862T
3J94SKDELM59XRSBOTLUNI4MK5L5DD,2022-01-25T12:00:07.499783,3EW1JQHP1YOB09HHOZT0VGCIFB862T
3SMIWMMK75LPRCIH6PYSNILNQ2JUWS,2022-01-25T12:00:07.711087,3EW1JQHP1YOB09HHOZT0VGCIFB862T
3HFWPF5ALDZCL1OP70SQ3KS27C3S33,2022-01-25T12:00:07.887653,3EW1JQHP1YOB09HHOZT0VGCIFB862T
3ICOHX7EOGRFUQKANIQ2C5QG39B0EG,2022-01-25T12:00:08.172236,3EW1JQHP1YOB09HHOZT0VGCIFB862T
35ZRNT9RVMEXN9WW0JBHJFI1AN0O32,2022-01-25T12:00:08.304248,3EW1JQHP1YOB09HHOZT0VGCIFB862T
3Y40HMYLM5Y4GCN7GUUEP1ZUZ4PUXL,2022-01-25T12:00:08.483326,3EW1JQHP1YOB09HHOZT0VGCIFB862T
3U74KRR68Q1K45UEEJHVM3MUEDENTB,2022-01-25T16:31:57.182874,3QY4EA3YB8TGIGXHOIY9BH60U3O3H2
3Y3CZJSZAO93Y1BG6UGES7LQZ7I5RR,2022-01-25T16:31:57.347197,3QY4EA3YB8TGIGXHOIY9BH60U3O3H2
3JAOYN9IIPI81K3AHLRPVCKQFXB33V,2022-01-25T16:31:57.500711,3QY4EA3YB8TGIGXHOIY9BH60U3O3H2
31S7M7DAHK6UG5RT261G9BI59IELT7,2022-01-25T16:31:57.693456,3QY4EA3YB8TGIGXHOIY9BH60U3O3H2
34ZTTGSNK14F2TGBUHSNCEEB8U6QHR,2022-01-25T16:31:57.886667,3QY4EA3YB8TGIGXHOIY9BH60U3O3H2
3PIOQ99R822Z4I93EO75RZ8WXRLNU2,2022-01-25T16:31:58.060255,3QY4EA3YB8TGIGXHOIY9BH60U3O3H2
3UDTAB6HIAFYZUTTF7AGKRP5CD109E,2022-01-25T16:31:58.254374,3QY4EA3YB8TGIGXHOIY9BH60U3O3H2
3YZ7A3YHS99FZGBTLJGJIHQML915SF,2022-01-25T16:31:58.388661,3QY4EA3YB8TGIGXHOIY9BH60U3O3H2
3W3RSPVVHW79GI6I2BRQE747SWLLUY,2022-01-25T16:31:58.567351,3QY4EA3YB8TGIGXHOIY9BH60U3O3H2
3UUIU9GZD9LGEGO8AJL9SMM8NSF5T4,2022-01-25T16:31:58.701552,3QY4EA3YB8TGIGXHOIY9BH60U3O3H2
3WYZV0QBGNTPKDE1G3DJKB76AKPBXU,2022-01-25T17:09:53.19413,3SCZPB8Z7T2MMOJ64G2157PL1B068W
3FBEFUUYSOL7IOPD924XPNAGVY5A64,2022-01-25T17:09:53.37652,3SCZPB8Z7T2MMOJ64G2157PL1B068W
360ZO6N6K5ZV28004CXEIOWIFG2M9B,2022-01-25T17:09:53.603396,3SCZPB8Z7T2MMOJ64G2157PL1B068W
37S0QRNUGFWG3EFM5JHHDA0CB5V88K,2022-01-25T17:09:53.766902,3SCZPB8Z7T2MMOJ64G2157PL1B068W
33P2GD6NSR8TRQIGHC8QGS229OFHKR,2022-01-25T17:09:53.917193,3SCZPB8Z7T2MMOJ64G2157PL1B068W
3D06DR5239Z97RA5WIBEEJ72LYKMAQ,2022-01-25T17:09:54.088578,3SCZPB8Z7T2MMOJ64G2157PL1B068W
3PMR2DOWPSHWXV9IVIK1KEAG7TY548,2022-01-25T17:09:54.245884,3SCZPB8Z7T2MMOJ64G2157PL1B068W
3LAZVA75OM782R0DWJXC05D94A72OE,2022-01-25T17:09:54.440459,3SCZPB8Z7T2MMOJ64G2157PL1B068W
3HEA4ZVWWH2ETEDI9N3BP6GU7PT55D,2022-01-25T17:09:54.569332,3SCZPB8Z7T2MMOJ64G2157PL1B068W
3D7VY91L79DEQ1FX2WBA9UR83G5MBL,2022-01-25T17:09:54.734081,3SCZPB8Z7T2MMOJ64G2157PL1B068W
3RBI0I35YIJ9HN0Y66KFL6G3OJ03Y1,2022-01-12T10:21:42.904848,302KRI1PPH4H7JT24YI9XD3I7DG7D1
3MJ28H2Y2IO01OJ0E2ZAYCGLO5SO51,2022-01-12T10:21:43.040653,302KRI1PPH4H7JT24YI9XD3I7DG7D1
3X2LT8FDI0YRTFB43MXNRQ3YTXS8WZ,2022-01-12T10:21:43.225675,302KRI1PPH4H7JT24YI9XD3I7DG7D1
3IVEC1GSMTFNCVRKX25TNQMIDVDJ1V,2022-01-12T10:21:43.394535,302KRI1PPH4H7JT24YI9XD3I7DG7D1
39WICJI5BX89MDA32SMYZDP5UD43ZS,2022-01-12T10:21:43.584921,302KRI1PPH4H7JT24YI9XD3I7DG7D1
3OKP4QVBQ6D9FHEJLFDJ1EN5PX2GAC,2022-01-12T10:21:43.754102,302KRI1PPH4H7JT24YI9XD3I7DG7D1
33K3E8REX0B6IFGUDRT9T9H52ZY8XS,2022-01-12T10:21:43.936678,302KRI1PPH4H7JT24YI9XD3I7DG7D1
3ACRLU861RUGEDNKLYNRWMMZUZ8EBO,2022-01-12T10:21:44.07537,302KRI1PPH4H7JT24YI9XD3I7DG7D1
3PUV2Q8SW8KBM79KP3C7Q44EUN7BDS,2022-01-12T10:21:44.23688,302KRI1PPH4H7JT24YI9XD3I7DG7D1
3KI0JD2ZV5YPZMRF2ZSDFW8QUBT679,2022-01-12T10:21:44.406858,302KRI1PPH4H7JT24YI9XD3I7DG7D1
30EMX9PEWOZIHZWWS6KPK694ILLKSC,2022-01-12T21:33:56.818688,3L4WKCMPYHPNI8YG1XHX53V6Z65227
3PKJ68EHERCYG6CYZR8EFD2PUL4HJP,2022-01-12T21:33:56.977911,3L4WKCMPYHPNI8YG1XHX53V6Z65227
34XASH8KMU2GUVG7L1TB4EWXK69MP3,2022-01-12T21:33:57.126748,3L4WKCMPYHPNI8YG1XHX53V6Z65227
30Y6N4AHZTCY2EQ9L0YXQJ9ICA5RDI,2022-01-12T21:33:57.284357,3L4WKCMPYHPNI8YG1XHX53V6Z65227
3P520RYKDLMVET3XAOBJXI8A6SBU5H,2022-01-12T21:33:57.474637,3L4WKCMPYHPNI8YG1XHX53V6Z65227
3PA41K45WRKX9S9KHVRMLWZ7PHE7PD,2022-01-12T21:33:57.66037,3L4WKCMPYHPNI8YG1XHX53V6Z65227
36JW4WBR1A0IB4Q2G1HT0FAX1ENFHK,2022-01-12T21:33:57.852021,3L4WKCMPYHPNI8YG1XHX53V6Z65227
309D674SI311HF36P7HW6YMW9OQCBQ,2022-01-12T21:33:58.096705,3L4WKCMPYHPNI8YG1XHX53V6Z65227
33P2GD6NSR8TRQIGHC8QGS229A4HKO,2022-01-12T21:33:58.229174,3L4WKCMPYHPNI8YG1XHX53V6Z65227
3LG268AV4CM3UK49HV9HW1R3CM6REB,2022-01-12T21:33:58.368895,3L4WKCMPYHPNI8YG1XHX53V6Z65227
3VMHWJRYIZWFXUQHL5ZF31YRP39FXE,2022-01-12T10:21:42.904848,302KRI1PPH4H7JT24YI9XD3I7
371DNNCG58IZ1Y7A8HSC46WZP388T7,2022-01-12T10:21:43.040653,302KRI1PPH4H7JT24YI9XD3I7DG7D1
3TTPFEFXDX0MSBXRF8EP69XK8EN6H9,2022-01-12T10:21:43.225675,302KRI1PPH4H7JT24YI9XD3I7DG7D1
3EGKVCRQG08EKI4BLZZL3PEFCBAYBK,2022-01-12T10:21:43.394535,302KRI1PPH4H7JT24YI9XD3I7DG7D1
3D42WVSDICB4XZGRQ1LHMF50R93FYK,2022-01-12T10:21:43.584921,302KRI1PPH4H7JT24YI9XD3I7DG7D1
3XEDXEGFY74IGQCKJ415A03LNS50K6,2022-01-12T10:21:43.754102,302KRI1PPH4H7JT24YI9XD3I7DG7D1
3APP19WN85U8SF2GV2W7L9LJTEA6GA,2022-01-12T10:21:43.936678,302KRI1PPH4H7JT24YI9XD3I7DG7D1
36MUZ9VAFAI9TAL4ZUEXRCAZXKIDES,2022-01-12T10:21:44.07537,302KRI1PPH4H7JT24YI9XD3I7DG7D1
382GHPVPIW7TJGMEHZW85HCWTIZ34E,2022-01-12T10:21:44.23688,302KRI1PPH4H7JT24YI9XD3I7DG7D1
3B623HUYK86YMYUVJHNMU10DNKU8SI,2022-01-12T10:21:44.406858,302KRI1PPH4H7JT24YI9XD3I7DG7D1
388FBO7J0V9GLRT8OP4UUKE9T2DYN2,2022-01-13T10:48:07.694522,3IGIWF3LEL2XUFYQ06KU7F1WU2TILN
38LRF35D6PCS0EGTW5NQILAQSXBU3K,2022-01-13T10:48:07.841532,3IGIWF3LEL2XUFYQ06KU7F1WU2TILN
36FQTHX3077D4F7NWE6VDVI23C5B3L,2022-01-13T10:48:08.036662,3IGIWF3LEL2XUFYQ06KU7F1WU2TILN
3SD15I2WE6A7Y3QS0NPN2FWAPBU63V,2022-01-13T10:48:08.189705,3IGIWF3LEL2XUFYQ06KU7F1WU2TILN
378G7J1SKPE82GLVGPJNJ0ZK42CWEC,2022-01-13T10:48:08.39059,3IGIWF3LEL2XUFYQ06KU7F1WU2TILN
3D0LPO3EBFFY3CTKP44799EEJCIYOH,2022-01-13T10:48:08.555182,3IGIWF3LEL2XUFYQ06KU7F1WU2TILN
304QEQWK0T016HXZHWTYHHKU7Z40OJ,2022-01-13T10:48:08.757078,3IGIWF3LEL2XUFYQ06KU7F1WU2TILN
3XDJY5RK6W1DIAZXWJS9SQ2W6X7U45,2022-01-13T10:48:08.895901,3IGIWF3LEL2XUFYQ06KU7F1WU2TILN
3B623HUYK86YMYUVJHNMU10DNMJ8SB,2022-01-13T10:48:09.033366,3IGIWF3LEL2XUFYQ06KU7F1WU2TILN
3H5TOKO3EDZSGZ9W01U6CKOG3BQ64G,2022-01-13T10:48:09.16764,3IGIWF3LEL2XUFYQ06KU7F1WU2TILN
3HYV4299I4CXCFPDIM3H5KWYMVR8ER,2022-01-13T18:00:06.623875,3M3HXOD6KDVYFU9OWCJKOAJVZIO7I3
31MBOZ6PBS7DUOPIGK6QK1I1LJDLCX,2022-01-13T18:00:06.823181,3M3HXOD6KDVYFU9OWCJKOAJVZIO7I3
32L724R86P0UYCQG0MVJCLPG3YYIPU,2022-01-13T18:00:07.042783,3M3HXOD6KDVYFU9OWCJKOAJVZIO7I3
30P8I9JKPM1VR8SXFELOT4ATK0T5VS,2022-01-13T18:00:07.184659,3M3HXOD6KDVYFU9OWCJKOAJVZIO7I3
32K26U12ER4QVL7QUK37RGYLXHRDV8,2022-01-13T18:00:07.324917,3M3HXOD6KDVYFU9OWCJKOAJVZIO7I3
3ZUE82NE1EHPITP9DXNNN2HYYW68F9,2022-01-13T18:00:07.46264,3M3HXOD6KDVYFU9OWCJKOAJVZIO7I3
3QE4DGPGCVRUDSY2CE3SOB15XPAG49,2022-01-13T18:00:07.661426,3M3HXOD6KDVYFU9OWCJKOAJVZIO7I3
3BAKUKE4ALS4AJAX57E2PH89NEB1RD,2022-01-13T18:00:07.839414,3M3HXOD6KDVYFU9OWCJKOAJVZIO7I3
3Q7TKIAPPXQNZGVWGG11470J6JPLDX,2022-01-13T18:00:08.019839,3M3HXOD6KDVYFU9OWCJKOAJVZIO7I3
3KVQ0UJWQ1186XS25OQKF6T7R9V5W2,2022-01-13T18:00:08.154105,3M3HXOD6KDVYFU9OWCJKOAJVZIO7I3
378G7J1SKPE82GLVGPJNJ0ZK441WE5,2022-01-14T10:00:07.319826,3OVRYEBS3WRLL2HVJVGTB9UO234D9J
3I4E7AFQ3OFOLF3TZLP3TW5D5IFTJX,2022-01-14T10:00:07.475414,3OVRYEBS3WRLL2HVJVGTB9UO234D9J
35JDMRECD8PC5UVV1KF5XXDWAGBEGO,2022-01-14T10:00:07.66438,3OVRYEBS3WRLL2HVJVGTB9UO234D9J
3KTCJ4SCWKHDD3X50ZIL3IEZHTJM1L,2022-01-14T10:00:07.867524,3OVRYEBS3WRLL2HVJVGTB9UO234D9J
3W9XHF7WHOBJWZ9BH6PFUB5QK7FTKW,2022-01-14T10:00:08.003687,3OVRYEBS3WRLL2HVJVGTB9UO234D9J
31SIZS5W6DVSRNUEQM4HQIGHVSARQ9,2022-01-14T10:00:08.128914,3OVRYEBS3WRLL2HVJVGTB9UO234D9J
3LN3BXKGD4B6MUHMMK9BJ3KWHKGWGM,2022-01-14T10:00:08.262342,3OVRYEBS3WRLL2HVJVGTB9UO234D9J
36D1BWBEIRHK2OF1J3IZ81O49ZXM22,2022-01-14T10:00:08.432869,3OVRYEBS3WRLL2HVJVGTB9UO234D9J
3P0I4CQYW2NUE7YKA3MJOCTY867OW1,2022-01-14T10:00:08.598033,3OVRYEBS3WRLL2HVJVGTB9UO234D9J
31S7M7DAHK6UG5RT261G9BI597KTLZ,2022-01-14T10:00:08.72454,3OVRYEBS3WRLL2HVJVGTB9UO234D9J
3D17ECOUPIBCRHPVUHD67J5TH2K132,2022-01-14T18:00:06.978437,3S7VZ13DOHO8XDT35QHQTRAV0UIIRD
3FHTJGYT9RGG2LKLAYVGR9C0ONUGPS,2022-01-14T18:00:07.179744,3S7VZ13DOHO8XDT35QHQTRAV0UIIRD
3W5PY7V3VTNK212N9RC21DXSKKEYJ8,2022-01-14T18:00:07.343111,3S7VZ13DOHO8XDT35QHQTRAV0UIIRD
3OZ4VAIBF1V3Y77I4GPIUETY23CVJW,2022-01-14T18:00:07.526589,3S7VZ13DOHO8XDT35QHQTRAV0UIIRD
3PKJ68EHERCYG6CYZR8EFD2PUO1JHU,2022-01-14T18:00:07.718791,3S7VZ13DOHO8XDT35QHQTRAV0UIIRD
3CO05SML8ZL43UPF9OA2BCPZIOTR0S,2022-01-14T18:00:07.911995,3S7VZ13DOHO8XDT35QHQTRAV0UIIRD
32TZXEA1PP0X9D8ZUVIPHOXZV2G14N,2022-01-14T18:00:08.085424,3S7VZ13DOHO8XDT35QHQTRAV0UIIRD
324N5FAHT1RY9RD0M1PUVTTBHSCVKV,2022-01-14T18:00:08.246532,3S7VZ13DOHO8XDT35QHQTRAV0UIIRD
3TKXBROM6XQYC1NI59QZFP34U1GJIN,2022-01-14T18:00:08.425313,3S7VZ13DOHO8XDT35QHQTRAV0UIIRD
3MXX6RQ9FZL0Q5R1FXTFIKFXYILP4E,2022-01-14T18:00:08.615931,3S7VZ13DOHO8XDT35QHQTRAV0UIIRD