hitId,dataRowId
3SV8KD29M88FIBIANYEXGZ67N6UZKZ,32
35A1YQPVGIWQ528XG7M5EFKZU3XI50,32
3MJ9GGZYP7MJ0N6CM0SUZAT4XM22AI,32
3VQTAXTYO71X39K6BY2W0482YU6UBL,32
3JMQI2OLG3LDNGYHSTHGHZ48TJPNDT,32
3XAOZ9UYS374YIVXSSP2KRY49X9Q1T,32
3B6F54KMS6SGBYAAKWE7FRD5RLUS1K,32
3MQY1YVHT70OJXB4SESQULDAF4N2BD,32
32FESTC2OL6GDECCPYYRBOEKGF6UCS,32
344M16OZLMVIFMCHOOS0NHMTTVQNEM,32
3XEIP58NM43Q2H0S8YQYVZJMC6ZZL2,32
3XQ4XW3OEDSN0JS630ELKANAJR8S21,32
3R0WOCG22QPQI6IQPUT2VUW21FIUDS,32
34YWR3PJ3CQO0QBRINGU0UBN18QX0U,32
3JUDR1D0EA7BN3DTBWPGPA8913NQ2A,32
3XT3KXP253EMO68BLQWA6LYZQY8I6G,32
3HFWPF5ALDZCL1OP70SQ3KS2P58S3C,32
3CIS7GGG79ZVACWQLP4M1CEN1RJUEL,32
33P2GD6NSR8TRQIGHC8QGS22RGDKHU,32
3GONHBMNIZEA8ZID8ARDVCYBCBPZM4,32
3GVPRXWRQLA5S6MG4012CZYVL9SI7F,32
367O8HRHLKOX3X7T7EX9DPK8354S4X,32
3UEBBGULQJ4NGQWMG0OSJUZNDSYUF3,32
33KGGVH25YXO7FW9E6KUEZUX60WX1X,32
37PGLWGSKXMTNLT0NUQBG43HRTSKIN,32
3QTFNPMJDAYGQH3DKB6D8RNBH1ZZN4,32
3IHWR4LC8HT9SKRZE5T8QZUQWTYI82,32
3YZ7A3YHS99FZGBTLJGJIHQM31ZS52,32
3QXFBUZ40OWTUQSHRKUA1FZZE7YUG2,32
3M0556244W0AL0CDJZC65Z7T5W5NF4,32
3TFJJUELTL57T23A6EOL55JSXPN2CK,32
3VLL1PIEOU4Y823PLQ6QNGNG7B4ZOJ,32
34OWYT6U40X96PA9JXZMQVP1GZGI9R,32
3P458N04R5XVW0E5XAK8JI42Y6AX2E,32
391FPZIE5G27UMNSBQCSMFB0T7BUH1,32
373L46LKQBMPIWD65CBBS5IH48HKJZ,32
3IJ95K7NE1SGZ088UJIONK756B5NG3,32
3NRZ1LDP80MGT2FQ0QJ5CGS6HG0ZP0,32
3QI9WAYOHURBIKB7Q2QOAN4MZWAS6I,32
39TX062QY54KHIAO1AYD2S9U4KAX3P,32
3L84EBDQ4BIKTGJONXBNTKIUJXHKKY,32
3BO3NEOQN4XNB8KEB3DMMQ0LMHYIA6,32
33J5JKFMLAE08L9CFW3L8KD17HNQ3L,32
3T5ZXGO9EI41TEG503YUCLIGMCMZQR,32
3QREJ3J447DVDM168XNO8KV98XMKL1,32
39KV3A5D2CNUMKPC9CVGG14IU7US7H,32
3BVS8WK9R4BSUIP6HHDIH1KR4ZJIB1,32
31N9JPQXJTYUZW3JEP068KJ6LBINH2,32
3SBX2M1TLH3LQHSGFA84IP57LHJQ46,32
375VSR8FW0P15FV5DINUHBSLIYOZRS,32
391JB9X402OFJ4JR89O38XAY82CKM3,32
3IKDQS3DRIGB4NHCVH9DSLQ9MKJIC8,32
3YLPJ8OXYCT5ZETS1O3WCX10IK6X4A,32
3K3G488TS6O3M0WGTFRENHBLLDEQ5B,32
3I01FDIL7QOHYU9O6AJWPB1AIPZ2DK,32
3B623HUYK86YMYUVJHNMU10D5R0S84,32
3D1TUISJXMG7QHYCH8UDMRCFTKQUIU,32
3QD8LUVX51ENVXXSFTM6HP7EIG1X5F,32
35NNO802BZCUVRE3K7IR8WKLLOXNIV,32
3CMIQF80HR6Z54WUYY1JFNPLH8PQ6R,32
371Q3BEXELPD6UVIS7NZ7LXH407ZSG,32
33IXYHIZC9YMQ0NO25UGVTJVI102ED,32
3J6BHNX0VD8L1M4RKA33LCZYDSMKN3,32
3XD2A6FGGRAY03D5O9T0UXVOPXIS9T,32
375VMB7D5NZL9FNQVD4OCR8R7KVID8,32
3DFYDSXB30G3LSIIZQFDYSRF6ZFUJ6,32
351S7I5UHDCQQ2Y92P3RKXZLY3MNJ7,32
33W1NHWFZL1ELU8XH7SPHQT36JLZT5,32
3OYHVNTV6XE3J743LP3G01Z332RKOI,32
3IWA71V4UMWJE1X6KCWB9VLEEBCX6V,32
3VO4XFFP292I94AZH86BL1PHCJ9Q7Q,32
3J6BHNX0VD8L1M4RKA33LCZYDSMNK6,32
3LEG2HW4VJ3EWENKXGEMDB4VU2F2FV,32
3SNR5F7RA69Q1L1QR8F8I9QC7WWIE1,32
3RKHNXPHH0CYWCO0HBFPZ7RSLOFUK5,32
33K3E8REX0B6IFGUDRT9T9H5K62X8H,32
3OPLMF3EV93WLSM95AF40CCD2SRNL9,32
34KYK9TV3VOHOWS2MT7WL3QEDXLSB3,32
30IRMPJWE3Z6GKWJDHKKUW48EPBKRR,32
3XABXM4AK5LM9IFIRDYHZ1LCN3FQ8D,32
37ZQELHER4EGRA4U5MGJ0PR22XHNMB,32
3AJA9FLWTGEI7Z1MMJZE0RBCJXBIFJ,32
3JHB4BPSGOPMNNYSW54VZXGN79XQ92,32
3Y7LTZE0ZX2TL7NMHCIZMMF5PXSZUW,32
30U1YOGZHECA3TQM0PY2GTEEGIXSDA,32
3H4IKZHAMFYM9SPUHNVJD4G27NRNNB,32
30EMX9PEWOZIHZWWS6KPK6940RUKSF,32
362E9TQF3L6OLZXHX35WICBOKCBIGI,32
3QHITW7OZSP0S68XOBIVVSR7DRFQAH,32
3HXK2V1N5OVKAEJF80K4VW47VHF2GU,32
3LCXHSGDMXMFVZ4MWK9MMBWZGUYSE3,32
3MWOYZD5XZ44RDP6I2VWSTG7XXWNOQ,32
3W9XHF7WHOBJWZ9BH6PFUB5Q2A8KT4,32
3PR3LXCWTJF6WKZ4IJZNT5CG4CKX96,32
3P6ENY9P8DC2LVSSH9NE3CNPZCOIHH,32
338GLSUI57R71D4IRVTS4THZSVDSFL,32
3W3RSPVVHW79GI6I2BRQE747AOKUL8,32
3RKHNXPHH0CYWCO0HBFPZ7RSLOFKUV,32
3WRAAIUSCNFK1399APDNP0N0AU2XAL,32
39RRBHZ0BYHTYMCMM2S4I8HO341ZVL,32
301KG0KXAG1YAAEQS62MGWG8AHS2HT,32
3ZRKL6Z1FCJDFD0D2FZAMEHBTADSGK,32
3FDWKV9VDRITM0O32NS5EKJWATAUMA,32
324N5FAHT1RY9RD0M1PUVTTBZVOKVK,32
3WYZV0QBGNTPKDE1G3DJKB76SCNXBG,32
3T6SSHJU0JQ2HQ3CNR5Z3OO4ZP3IIA,32
341YLJU22MFY65PAYOK7G8HNAU72IM,32
3E22YV8GH5MMCD17X28BHTLX72SNP7,32
3QO7EE373S35BGDPUPIRQ3BDV90QBC,32
33NKDW9FG1Y8UI67U39EVVDOAXNXCN,32
3TKXBROM6XQYC1NI59QZFP34C4SIJM,32
3PIOQ99R822Z4I93EO75RZ8WFJKUNA,32
3XDSWAMB368OLL5V8PEM1NHVDU0QCJ,32
3S829FDFU6HIZACLUZ4PF1V6VXZXDN,32
34F34TZU80FU1G9GG657S9WNN9W2JY,32
37PGLWGSKXMTNLT0NUQBG43HRTSIKL,32
3UAU495MJM8HM39FF37I6O815TPUOP,32
3KG2UQJ0NN47CP2MXFN0HYB7CYENQY,32
3MYASTQBHBRYQDB98L9XLTZDYUCQDJ,32
3IVKZBIBK4PRF9VOMLHS7ETC8AQSHJ,32
3C8QQOM6KTH47RBI8U2CV4GWGTXILO,32
3MA5N0ATUGRBOGD5CBUQHVCP64QKWU,32
3YGYP13655P7OQHMAUC0MOLC8KGNRZ,32
3VMHWJRYIZWFXUQHL5ZF31YR7AFXFY,32
37G6BXQPMU13IJP94GKHRBHYY6DQEC,32
3MVY4USGCA3RB468S3ZD7QUR8N5SIC,32
3VIVIU06GOSOD9T3863RVHVLGYNIMQ,32
3SSN80MU9G4QDGIVMGQCJEQWF6WKXN,32
3YCT0L9ONQPJP5HZPJC5CYQ8UMZNSN,32
3R5LWXWHS4OLBUMCWP5XLMY38PFXGX,32
3IKMEYR0M0BPC0FYYR5JTOW02YW2KX,32
3PCPFX4U546VOXP5ZR4N9T2YA7SQFU,32
3M93N4X8IO3N6FQEALKDJR9RL2USJO,32
3MG8450X3SQZ73LGU3KXVODRFYLUP6,32
3U74KRR68Q1K45UEEJHVM3MUW5DNTC,32
3A9LA2FRXWUZBQHNGVNF6MA4NPSXHW,32
3N3WJQXEMW60W6XGJRHK8O9FRY12L0,32
3TX9T2ZCCDH6DBCRCCX04A02AD3ZWV,32
3LVTFB9DF9Y12XL0ABA5RE2ABMSQGT,32
3AA88CN99TJFDL85RCCE2SX5HCQKYT,32
3SU800BH9A8K7FMVUGZMVT31KU7UQX,32
3PIOQ99R822Z4I93EO75RZ8WFJKNU3,32
30EMX9PEWOZIHZWWS6KPK6940RUSKN,32
3E9ZFLPWP28Z7LS7MD506YBJN27XIP,32
36D1BWBEIRHK2OF1J3IZ81O4R3R2M2,32
34ZTTGSNK14F2TGBUHSNCEEBQM5QHS,32
3SV8KD29M88FIBIANYEXGZ67N6UKZK,32
35XW21VSWKUT15EED6WQZ6MJPRZSLQ,32
3EN4YVUOVG8V2WCD4VQ0IZQJ0HWXJ1,32
3GITHABAD21QK601V4XZLGD4WT12N2,32
38Z7YZ2SC7IFYORV0ZA8CQFQQZKQIL,32
32XN26MTY3ZT0WU244D6P0G0UZGL0W,32
35NNO802BZCUVRE3K7IR8WKLLOXINQ,32
3ZFRE2BDRDUL2BHHMHTM6TE9JF9ZXO,32
302U8RURK3HZHXY3JEHANLAFTQTNVS,32
3LAZVA75OM782R0DWJXC05D9M362OH,32
38DCH97KILIBTZB1IHV8ORUQ3E9QJX,32
3O71U79SSF5D7NWZDIX5ZJ18PWPSMS,32
3AFT28WXMJICDCEFLMI4NLKQBY2IO5,32
3SSN80MU9G4QDGIVMGQCJEQWF6WXK0,32
3K8CQCU3LIHCWMY89OM69NTT0ZVNW2,32
3DGDV62G8SPQNRCEBJARP5IZW822PY,32
3YLPJ8OXYCT5ZETS1O3WCX10IL74XK,32
3XBXDSS89CZ1XM0D7G2DYE3B461XL3,32
36U4VBVNRSTKJG1V7VOM0JD6GG9URY,32
3YCT0L9ONQPJP5HZPJC5CYQ8UMZSNS,32
3G3AJKPCYP8UZJJ26KPYVB89KR14YQ,32
3GL25Y6857AL34IY7S3SYRI04BRXM5,32
3QQUBC640IURLM3YJTISB670911NXV,32
3JUDR1D0EA7BN3DTBWPGPA8914O2QP,32
3YOAVL4CB4XU49T726RH9IHBQL54ZH,32
31J7RYEC0P6T7LFK0NH635ZAZRML1Z,32
388FBO7J0V9GLRT8OP4UUKE9B7VNY1,32
334ZEL5JYAV17QHBQYCIRNQDKW4SO7,32
3VZYA8PIUSEFY7RHCHXZ8BK38AH50V,32
3MIVREZQWLE64JHJ02VKP6U3I39QKW,32
3N3WJQXEMW60W6XGJRHK8O9FRX0L2G,32
3QTFNPMJDAYGQH3DKB6D8RNBH1ZNZS,32
3QQUBC640IURLM3YJTISB670911XN5,32
3XU9MCX6WSSBZ4STOBEGU0IEXQQ2RQ,32
3HXCEECSRQ9A2G7RRDFOP7LILL3ZYU,32
3ULIZ0H1WELF5WCZ801ZMG3DD2N51Y,32
3VI0PC2ZB209373AK8I5QV75ZB6XOK,32
3ZICQFRS45YA76HWNZH73EUKRF7ZZL,32
304QEQWK0T016HXZHWTYHHKUP4LO0G,32
3R15W654WH9HOPZ1L27L467I73EQLZ,32
3NOEP8XAV8IRO7FBZ8VKFVCV9G2XP1,32
3G57RS03ILLMUHUVR41DRZDI58152F,32
37SOB9Z0TWDPHOTZNRVPRYE7XB0L3R,32
3XQ4XW3OEDSN0JS630ELKANAJS92SE,32
3VADEH0UIGDJSQTC5YPXGNV3U10SPO,32
39KMGHJ4S3QG305GFBRNRGOCR26005,32
3T2EL38U1Q0COJGQZLA9F025ECOXQS,32
3ZQA3IO32F71D6IHDFXYVM34UWRO1J,32
30UZJB2PPLSBFZQEV4FIA9IABM153Q,32
3WKGUBL7T32AZKC3N508136DBBWL4C,32
31ODACBEOYV4S2UR5B4MGSLDZXMSQF,32
386659BNUPXGAPQYBUVN5L7MWUC018,32
372AGES0J8LC0KVQC0Z9KQCAAYQXRT,32
36QZ6V159DTWKV18MKORQTI22ISUSM,32
32LAQ1JNUD5XZVENBKTH0YEO416UTB,32
37Y5RYYI1TLO1ZV3RPZEA0H6W09XSH,32
3OCZWXS70SNSV3G31AJI6VCRB7RL5H,32
3ABAOCJ4SCK1U7HMLE804JM7784QM1,32
3XWUWJ18UP6CZ8TCBPJR5U0QNFDUU2,32
33TGB4G0MTXPGZ8IGP44K5DSYJNXT6,32
3GV1I4SEPD5OE7GH6TTNY1QR722L6X,32
3KG2UQJ0NN47CP2MXFN0HYB7CYEQN1,32
3TLFH2L6ZD4OFJ5LS0JBUFJWLBN2T3,32
3Y40HMYLM5Y4GCN7GUUEP1ZUHXUXUX,32
3ZXNP4Z3AV17I7UMP3YF4FQN2DML7W,32
3P888QFVY7APUA2YYUNDWNBC28JQOG,32
38G0E1M86QLCCNICGFTW1G291MMUVR,32
3FO95NVK6GG4439RIQTMLIVIVJOSRG,32
31JUPBOOSRKBILZ5Z8QLIFMIDXSL8J,32
3UQVX1UPGWXNZA8UUYV1A4HRO0Q02P,32
3PMR2DOWPSHWXV9IVIK1KEAGPMX54B,32
3SMIWMMK75LPRCIH6PYSNILN8VOUW1,32
39O6Z4JLY6D4TRC7LK4JLN1DV43XVM,32
3LAZVA75OM782R0DWJXC05D9M25O20,32
3NQUW096OAOBWQIF40WZIBHTX3AL98,32
3Y40HMYLM5Y4GCN7GUUEP1ZUHXUUXU,32
35ZRNT9RVMEXN9WW0JBHJFI1SG5O3B,32
3EFNPKWBNW4CKS4DYY96TEMJUEQ030,32
3TUOHPJXZLDH8GCCBU9F7PKR2D5XWW,32
3GMLHYZ0MIDTGHDHLQGG8F63J3OUY0,32
3HEM8MA6IDS7FAEZDU0SLNG2CDFQPX,32
3URJ6VVYVT3I55F00XG0TKA76G1O4W,32
337F8MIIN3TX2ONHYCEP3JEP8EM04L,32
3ZC62PVYELQWXGH2LZ5198YYBFBXXP,32
3MJ28H2Y2IO01OJ0E2ZAYCGL6CWO51,32
3HEA4ZVWWH2ETEDI9N3BP6GUPIS55G,32
3NSM4HLQOVASFMFED7FHLS6CH91QQO,32
3OWZNK3RZP53FWKAS59LZB5Y4PU2UU,32
3FK4G712O1GG5I94XFTRBS0EHL7SS4,32
39XCQ6V3L2KACIDWE6DGHCUULD356W,32
31SIZS5W6DVSRNUEQM4HQIGHDV3QRP,32
3ZG552ORBQK3SB9AXVJQVX7HIW32VJ,32
3BFF0DJK91SHKIMJMFYHLXW0J4LSTT,32
3SZYX62S6KGTGIR1XGI8NQUQGON57V,32
3VZYA8PIUSEFY7RHCHXZ8BK38AH05Q,32
3JMNNNO3C5KG709FN5OMHZQVP552WT,32
36QZ6V159DTWKV18MKORQTI22ISSUK,32
3HUR21WDEY5LXL7CQVR3SM57DL5XYV,32
3E24UO25R36WKSJEJL9FQIUL277O6H,32
3P458N04R5XVW0E5XAK8JI42Y7B2XM,32
3NI0WFPPJDWBHBRVH0740HY345S066,32
3X4Q1O9UCL2FOSXJ2VE7WWUHXIRO7G,32
37MQ8Z1JRICKW54F266A2WBB0D52YS,32
3ZFRE2BDRDUL2BHHMHTM6TE9JF9XZM,32
3HA5ODM5LE8WXAQ8RAYWMFKLGP1SV9,32
3Y7LTZE0ZX2TL7NMHCIZMMF5PXSUZR,32
3UQ1LLR27EOP19SKW6AZE6SD3LSLAN,32
3UL5XDRDOGZXGWWK7LAE1QQLR8T58I,32
3MGHRFQY3P5D0V11NJ2WJ8IW3EKY01,32
3EAWOID6NXDWW16WI8FCC9E2LXIV0P,32
3UXQ63NLBE2UKJXC2KAV9HCJL3DLBI,32
31ODACBEOYV4S2UR5B4MGSLDZXMQSD,32
36KM3FWE4VSULB500ACW6VYZZGC075,32
3ZQX1VYFUHLJO622C06DAWQC82XO83,32
31MBOZ6PBS7DUOPIGK6QK1I13ODLCP,32
3XJOUITW9Y757276UB9CQXHZ1G0QT2,32
386T3MLZMRBYLPAJAF42KVUUA0I08S,32
3L21G7IH5BCD7KMJJ26WXD1686QY14,32
3P7QK0GJ4X1K1VEKYS8TG3KD6792ZJ,32
3Q7TKIAPPXQNZGVWGG11470JOOPLDP,32
3SU800BH9A8K7FMVUGZMVT31KU7QUT,32
3UDTAB6HIAFYZUTTF7AGKRP5U6009H,32
37MQ8Z1JRICKW54F266A2WBB0C4Y2L,32
3GS542CVKZ3XU1FUCDGS1MLWBEB597,32
31GN6YMHMT89CZQDHK3S8H3ZNY3SWJ,32
3RBI0I35YIJ9HN0Y66KFL6G36Q4Y3W,32
3PA41K45WRKX9S9KHVRMLWZ77OO7PJ,32
3NSCTNUR333BZKPZ4JUSXHWGHWT5AM,32
37Y5RYYI1TLO1ZV3RPZEA0H6W09SXC,32
3G3AJKPCYP8UZJJ26KPYVB89KQ0Y4H,32
3BPP3MA3UG0SRM9WCBCLAPI4O0QLEI,32
33EEIIWHLBNKKUBVZ69RRF5KY1GQVI,32
31D0ZWOD1EFC4D3Y7DOGGM0P0OI0AW,32
3PGQRAZX160D14LDWLLGTEOFY63SYI,32
3VO4XFFP292I94AZH86BL1PHCKA7QA,32
3NKW03WTMQNXZJB0PGENDHOY5AIQWS,32
3NZ1E5QA73HGIUURAXUOSSGMZEE5BH,32
38VTL6WC5ETCV2N2KP8803ENKMVY5M,32
3EFNPKWBNW4CKS4DYY96TEMJUEQ303,32
39O0SQZVKRNIL5PZUNVBQRZM86C7RB,32
3UOMW19E7HMZSZMXOXQJ3CM4HZE5CO,32
371Q3BEXELPD6UVIS7NZ7LXH407SZ9,32
3DWGDA5PPJKW3QREERJCQEXCQPOV1S,32
31KPKEKW5ETHNN8QDROCBXKVI630BR,32
30EV7DWJUZB8E6NGP8IDS9SNGH6Y62,32
3TL87MO8DQ5KX09S7MWRS734015LF0,32
3T2EL38U1Q0COJGQZLA9F025ECOQXL,32
39KV3A5D2CNUMKPC9CVGG14IU8V7SZ,32
3J94SKDELM59XRSBOTLUNI4M2ZQ5DO,32
38F60IALBKXHJ927DDFXBRQHOC2T07,32
3P4C70TRNVXQB05NI629AS3G1G5LGZ,32
35F6NGNVNCZV1K2RYC06Q604WR97TO,32
3ZG552ORBQK3SB9AXVJQVX7HIV2V29,32
371QPA24D64HQYNP9WJXPW9RT48T1A,32
30QQTY5GNO0A1XHGYHQGV2M6F5G7UF,32
37OPIVELVYJNFD9U5LV1MEZ6M5KAH8,32
3D17ECOUPIBCRHPVUHD67J5TZ6W316,32
3BKZLF9913F1OO604HWBYE9EGIIQYR,32
3J5XXLQDIQRSDT5T1VXVE7C9O92V3K,32
3BAWBGQGZPFAEC6G370LROOPTCP7V4,32
3ZLW647WBPBJG27RDLDKC2FYRCA32N,32
34R0BODSQ5FEPX6BKOWET0M72BR5EH,32
389A2A305SY0XS0WRRK7MHQD0R30CY,32
3JGHED38FH7RI61L8IN5YNSJBSQY71,32
3VGET1QS04FNT16LTH5HDQ730LR7WE,32
3TLFH2L6ZD4OFJ5LS0JBUFJWLAMT2R,32
38XPGNCKIXGDVPOX192EOC4F29YV45,32
3XUSYT70JXHA2K6ARNFI6N8VLRF0DY,32
3L2OEKSTXDQVIK64INFBCNOEMCWY8O,32
3T5ZXGO9EI41TEG503YUCLIGMCMQZI,32
3DA79LNS6DBD0114W0XGDPOOROMT32,32
30P8I9JKPM1VR8SXFELOT4AT25TV5A,32
3BO3NEOQN4XNB8KEB3DMMQ0LMIZAI1,32
379OL9DBTWUVWPPENFLPCJJP6IEY9D,32
3CO05SML8ZL43UPF9OA2BCPZ0R5R0S,32
322ZSN9Z6K0YIXK8WE2ZNUGU5OIT4N,32
3ICOHX7EOGRFUQKANIQ2C5QGL3G0ER,32
3S8A4GJRE7JRACSBKXVTLAOTY04V6Q,32
31YWE12TF4S2I1BB3M13F9LA9NX7X7,32
3E9VAUV7C0U918ZJFLZP8EU9C0WYAS,32
3MNJFORX9FK6VB67FZGKBI77EC65FZ,32
3JAOYN9IIPI81K3AHLRPVCKQXQA33Y,32
3BAWBGQGZPFAEC6G370LROOPTBOV7P,32
3B286OTITIXJ6J4KTLYMYRFLZXOAJD,32
3JGHED38FH7RI61L8IN5YNSJBTR7YD,32
3087LXLJ7QW704K6ITA8UNBGX4V0F9,32
3DW3BNF1HLYEEQBZDCSR5OKK4VUV8C,32
311HQEI8SWWRNWBQ44POCU1LHNV7Z4,32
382GHPVPIW7TJGMEHZW85HCWBQ634J,32
3P7RGTLO7ITEH3A2B6YYZ6FYEMOAKC,32
3INZSNUD946SYEUNRJYBZY9OOV9D9N,32
3WRBLBQ2HVODE4G1TDGQC8BSYJV0G8,32
30UZJB2PPLSBFZQEV4FIA9IABM135O,32
3UUIU9GZD9LGEGO8AJL9SMM85KDT5S,32
3PN6H8C9S8663X4SJPCBVTK8UDRDA2,32
386T3MLZMRBYLPAJAF42KVUUA0I800,32
3EGKVCRQG08EKI4BLZZL3PEFUIHYBN,32
3SD15I2WE6A7Y3QS0NPN2FWA7HC364,32
3MDKGGG62U3CXKOMF2VEKS081FOT68,32
3Z33IC0JD42ESVU9I4Y55KFVO1CV91,32
3UQ1LLR27EOP19SKW6AZE6SD3MTALF,32
3BFNCI9LZO6Q234XJXUF8TW62SW373,32
3PUV2Q8SW8KBM79KP3C7Q44ECVCDBX,32
35F6NGNVNCZV1K2RYC06Q604WQ8T77,32
3D06DR5239Z97RA5WIBEEJ723RJAMH,32
3L55D8AUGEDXUNWHZZVGE9KXC3HYCU,32
3I6NF2WGJKCC9B22QJM2T37JFR65GY,32
3FVBZG9CMNURE0BCDJY8X8NTDJ80H7,32
371DNNCG58IZ1Y7A8HSC46WZ7AET8U,32
3N5YJ55YYKJFP9V58JQERYW28HTANH,32
3WJGKMRWWMPUWC1Q33821OAWUGCDC4,32
3JVP4ZJHET8RAVMWJ1GTXKO8DWN0I0,32
37SDSEDIODIYSEV16Y82Y0D4FSO813,32
3T8DUCXY1RMZF3QKD9YQ42RARGWT9J,32
3AQN9REUUJW7ZF2VZVQRYF2FX3TYDU,32
31ANT7FQOCIQ97XDAP4KE3JKURJ5HX,32
3TC2K6WKAKI5HZDXP28G3JN97Y282K,32
363A7XIFW82SXE4EAAC51FQFUJUVAG,32
3V8JSVE8Z26CRLGVVQ1B4XK0XFUYEN,32
3J9UN9O9K78N56621J1T9L38QBC0JC,32
3D1UCPY6HKPU2H9GT2MLMTS1DC283V,32
36AZSFEY08GXGO96GOC1WQALC1FVBB,32
3D42WVSDICB4XZGRQ1LHMF509G9YF5,32
35A1YQPVGIWQ528XG7M5EFKZU4Y5IQ,32
3SX4X51T94PX7UVH9YQR6NW7YRYAOW,32
3DZKABX20MLGQT1CUO8W7AG3UMFVCI,32
3XEDXEGFY74IGQCKJ415A03L50C0KB,32
35O6H0UNMWWM0DS3YP75QGZZ7JN5J2,32
3L4YG5VWAR8414743Z3DLUSEFGODD4,32
32K26U12ER4QVL7QUK37RGYLFMRVDI,32
39N6W9XWSH3ABZCM1LRZ405CAV9YG4,32
32XN26MTY3ZT0WU244D6P0G0U0H0LE,32
3K3IX1W4TA7FSU7IOY36VN1X8WUAPD,32
32TMVRKDHREFKDSKTGR4WYK7RCY84G,32
36MUZ9VAFAI9TAL4ZUEXRCAZFSPDEX,32
3N2YPY1GJAEVNRLQQFERXYG6FYSVEB,32
30F94FBDOV0I3W5HBTCMV8M0FGZTBT,32
3JTPR5MT0WSHBXYLGA7HRVZCM8N5K1,32
3OID399FYKN1ZOL0U5Y39UVZRT4DFF,32
3Z8UJEJOD3TUGMSQYUSZMPNCXIK39F,32
374UMBUHO951D1XNPT8H6SSIX1ZTC0,32
3K1H3NEY8PF7DOHV5P4LRFVBS84DGE,32
3UL5XDRDOGZXGWWK7LAE1QQLR8T85L,32
3OCZWXS70SNSV3G31AJI6VCRB8S5L4,32
3WPCIUYH2EOBIT31PP3SQYA0I1BTD0,32
3QHITW7OZSP0S68XOBIVVSR7DSGAQ4,32
335HHSX8DHLLDKC6PVM3CF7C78HDHD,32
35YHTYFL2KJNT5LMLQYXFG16RZ7VFT,32
37M4O367WNYC1LYO1MKX68RGBDI5M6,32
3SR6AEG6X99OBV7XLR9HP0HDPVMYH3,32
375VMB7D5NZL9FNQVD4OCR8R7LWDI6,32
3M47JKRKD1HTZ0WYC4KJTW4LN34861,32
3HRWUH63RYIIJ3JODNZXJNGGG3S5N6,32
3L7SUC0TUYAD6ECN4GELPDVPU570MG,32
3WRKFXQBPFNO7QIHR9R2PCISP81YIW,32
31HLTCK4CPBT75HHWA4FX11ISE7VGS,32
36818Z1KW7T8L52VQ06ZIKYW3023AU,32
34HEO7RUHAA047NX1Q7V0I1C9EIAR5,32
356TQKY9YJDC30A3VEPBZA4HIEO870,32
3W5PY7V3VTNK212N9RC21DXS2NQYJ8,32
